[0m23:24:03.997607 [debug] [MainThread]: Sending event: {'category': 'dbt', 'action': 'invocation', 'label': 'start', 'context': [<snowplow_tracker.self_describing_json.SelfDescribingJson object at 0x10da10d10>, <snowplow_tracker.self_describing_json.SelfDescribingJson object at 0x10e6454f0>, <snowplow_tracker.self_describing_json.SelfDescribingJson object at 0x10e645100>]}


============================== 23:24:04.000150 | 13c57ae4-9c11-4c3b-9c99-2be9098b60e7 ==============================
[0m23:24:04.000150 [info ] [MainThread]: Running with dbt=1.12.3
[0m23:24:04.000402 [debug] [MainThread]: running dbt with arguments {'invocation_command': 'dbt debug', 'debug': 'False', 'log_path': '/Users/krishna/Krishna/firmable-sales-intel/snowflake/dbt_firmable/logs', 'empty': 'None', 'static_parser': 'True', 'log_cache_events': 'False', 'send_anonymous_usage_stats': 'True', 'use_colors': 'True', 'use_experimental_parser': 'False', 'profiles_dir': '/Users/krishna/Krishna/firmable-sales-intel/snowflake/dbt_firmable', 'maximum_seed_size_mib': '1', 'cache_selected_only': 'False', 'version_check': 'True', 'fail_fast': 'False', 'write_json': 'True', 'hints_enabled': 'True', 'partial_parse': 'True', 'introspect': 'True', 'printer_width': '80', 'log_format': 'default', 'quiet': 'False', 'target_path': 'None', 'warn_error_options': 'WarnErrorOptionsV2(error=[], warn=[], silence=[])', 'indirect_selection': 'eager', 'no_print': 'None', 'warn_error': 'None'}
[0m23:24:04.009137 [info ] [MainThread]: dbt version: 1.12.3
[0m23:24:04.009279 [info ] [MainThread]: python version: 3.12.14
[0m23:24:04.009379 [info ] [MainThread]: python path: /Users/krishna/Krishna/firmable-sales-intel/.venv-snow/bin/python3.12
[0m23:24:04.009468 [info ] [MainThread]: os info: macOS-26.5.1-arm64-arm-64bit
[0m23:24:04.252591 [debug] [MainThread]: Snowflake adapter: Setting snowflake.connector to ERROR (file logging only)
[0m23:24:04.252848 [debug] [MainThread]: Snowflake adapter: Setting botocore to ERROR (file logging only)
[0m23:24:04.252977 [debug] [MainThread]: Snowflake adapter: Setting boto3 to ERROR (file logging only)
[0m23:24:04.304881 [info ] [MainThread]: Using profiles dir at /Users/krishna/Krishna/firmable-sales-intel/snowflake/dbt_firmable
[0m23:24:04.306287 [info ] [MainThread]: Using profiles.yml file at /Users/krishna/Krishna/firmable-sales-intel/snowflake/dbt_firmable/profiles.yml
[0m23:24:04.307379 [info ] [MainThread]: Using dbt_project.yml file at /Users/krishna/Krishna/firmable-sales-intel/snowflake/dbt_firmable/dbt_project.yml
[0m23:24:04.307777 [info ] [MainThread]: adapter type: snowflake
[0m23:24:04.311849 [info ] [MainThread]: adapter version: 1.12.0
[0m23:24:04.354061 [info ] [MainThread]: Configuration:
[0m23:24:04.354282 [info ] [MainThread]:   profiles.yml file [[32mOK found and valid[0m]
[0m23:24:04.354392 [info ] [MainThread]:   dbt_project.yml file [[32mOK found and valid[0m]
[0m23:24:04.354496 [info ] [MainThread]: Required dependencies:
[0m23:24:04.354679 [debug] [MainThread]: Executing "git --help"
[0m23:24:04.370886 [debug] [MainThread]: STDOUT: "b"usage: git [-v | --version] [-h | --help] [-C <path>] [-c <name>=<value>]\n           [--exec-path[=<path>]] [--html-path] [--man-path] [--info-path]\n           [-p | --paginate | -P | --no-pager] [--no-replace-objects] [--no-lazy-fetch]\n           [--no-optional-locks] [--no-advice] [--bare] [--git-dir=<path>]\n           [--work-tree=<path>] [--namespace=<name>] [--config-env=<name>=<envvar>]\n           <command> [<args>]\n\nThese are common Git commands used in various situations:\n\nstart a working area (see also: git help tutorial)\n   clone      Clone a repository into a new directory\n   init       Create an empty Git repository or reinitialize an existing one\n\nwork on the current change (see also: git help everyday)\n   add        Add file contents to the index\n   mv         Move or rename a file, a directory, or a symlink\n   restore    Restore working tree files\n   rm         Remove files from the working tree and from the index\n\nexamine the history and state (see also: git help revisions)\n   bisect     Use binary search to find the commit that introduced a bug\n   diff       Show changes between commits, commit and working tree, etc\n   grep       Print lines matching a pattern\n   log        Show commit logs\n   show       Show various types of objects\n   status     Show the working tree status\n\ngrow, mark and tweak your common history\n   backfill   Download missing objects in a partial clone\n   branch     List, create, or delete branches\n   commit     Record changes to the repository\n   merge      Join two or more development histories together\n   rebase     Reapply commits on top of another base tip\n   reset      Reset current HEAD to the specified state\n   switch     Switch branches\n   tag        Create, list, delete or verify a tag object signed with GPG\n\ncollaborate (see also: git help workflows)\n   fetch      Download objects and refs from another repository\n   pull       Fetch from and integrate with another repository or a local branch\n   push       Update remote refs along with associated objects\n\n'git help -a' and 'git help -g' list available subcommands and some\nconcept guides. See 'git help <command>' or 'git help <concept>'\nto read about a specific subcommand or concept.\nSee 'git help git' for an overview of the system.\n""
[0m23:24:04.371360 [debug] [MainThread]: STDERR: "b''"
[0m23:24:04.371595 [info ] [MainThread]:  - git [[32mOK found[0m]

[0m23:24:04.371751 [info ] [MainThread]: Connection:
[0m23:24:04.371902 [info ] [MainThread]:   account: anpeqrr-ku01703
[0m23:24:04.372012 [info ] [MainThread]:   user: KRISHNA
[0m23:24:04.372112 [info ] [MainThread]:   database: FIRMABLE
[0m23:24:04.372214 [info ] [MainThread]:   warehouse: COMPUTE_WH
[0m23:24:04.372306 [info ] [MainThread]:   role: SYSADMIN
[0m23:24:04.372400 [info ] [MainThread]:   schema: dbt
[0m23:24:04.372492 [info ] [MainThread]:   authenticator: username_password_mfa
[0m23:24:04.372588 [info ] [MainThread]:   oauth_client_id: None
[0m23:24:04.372681 [info ] [MainThread]:   query_tag: None
[0m23:24:04.372772 [info ] [MainThread]:   client_session_keep_alive: True
[0m23:24:04.372862 [info ] [MainThread]:   host: None
[0m23:24:04.372954 [info ] [MainThread]:   port: None
[0m23:24:04.373043 [info ] [MainThread]:   proxy_host: None
[0m23:24:04.373136 [info ] [MainThread]:   proxy_port: None
[0m23:24:04.373224 [info ] [MainThread]:   protocol: None
[0m23:24:04.373313 [info ] [MainThread]:   connect_retries: 1
[0m23:24:04.373402 [info ] [MainThread]:   connect_timeout: None
[0m23:24:04.373489 [info ] [MainThread]:   retry_on_database_errors: False
[0m23:24:04.373580 [info ] [MainThread]:   retry_all: False
[0m23:24:04.373670 [info ] [MainThread]:   insecure_mode: False
[0m23:24:04.373757 [info ] [MainThread]:   reuse_connections: None
[0m23:24:04.373846 [info ] [MainThread]:   s3_stage_vpce_dns_name: None
[0m23:24:04.373937 [info ] [MainThread]:   workload_identity_provider: None
[0m23:24:04.374025 [info ] [MainThread]:   workload_identity_entra_resource: None
[0m23:24:04.374116 [info ] [MainThread]:   platform_detection_timeout_seconds: 0.0
[0m23:24:04.374400 [info ] [MainThread]: Registered adapter: snowflake=1.12.0
[0m23:24:04.467519 [debug] [MainThread]: Acquiring new snowflake connection 'debug'
[0m23:24:04.468919 [debug] [MainThread]: Using snowflake connection "debug"
[0m23:24:04.469067 [debug] [MainThread]: On debug: select 1 as id
[0m23:24:04.469176 [debug] [MainThread]: Opening a new connection, currently in state init
[0m23:24:05.151375 [error] [MainThread]: Failed to delete credential in the keyring: err=[Can't delete password in keychain: (-25300, 'Item not found')]
[0m23:24:05.155287 [debug] [MainThread]: Snowflake adapter: Error running SQL: select 1 as id
[0m23:24:05.155757 [debug] [MainThread]: Snowflake adapter: Rolling back transaction.
[0m23:24:05.156196 [debug] [MainThread]: On debug: No close available on handle
[0m23:24:05.156653 [info ] [MainThread]:   Connection test: [[31mERROR[0m]

[0m23:24:05.157062 [info ] [MainThread]: [31m1 check failed:[0m
[0m23:24:05.157413 [info ] [MainThread]: dbt was unable to connect to the specified database.
The database returned the following error:

  >Database Error
  394508 (08001): Failed to connect to DB: anpeqrr-ku01703.snowflakecomputing.com:443. Failed to authenticate: MFA with TOTP is required. To authenticate, provide both your password and a current TOTP passcode. [6e607381-dbf4-4b49-b10f-668f7398e44e]

Check your database credentials and try again. For more information, visit:
https://docs.getdbt.com/docs/configure-your-profile


[0m23:24:05.639162 [debug] [MainThread]: Resource report: {"command_name": "debug", "command_success": false, "command_wall_clock_time": 1.6770359, "process_in_blocks": "0", "process_kernel_time": 0.250361, "process_mem_max_rss": "176357376", "process_out_blocks": "0", "process_user_time": 0.9418}
[0m23:24:05.640510 [debug] [MainThread]: Command `dbt debug` failed at 23:24:05.640316 after 1.68 seconds
[0m23:24:05.641070 [debug] [MainThread]: Connection 'debug' was properly closed.
[0m23:24:05.641517 [debug] [MainThread]: Sending event: {'category': 'dbt', 'action': 'invocation', 'label': 'end', 'context': [<snowplow_tracker.self_describing_json.SelfDescribingJson object at 0x10e3fd220>, <snowplow_tracker.self_describing_json.SelfDescribingJson object at 0x110453d70>, <snowplow_tracker.self_describing_json.SelfDescribingJson object at 0x10fe3e7e0>]}
[0m23:24:05.642140 [debug] [MainThread]: Flushing usage events
[0m23:24:06.811016 [debug] [MainThread]: An error was encountered while trying to flush usage events
[0m23:24:40.106215 [debug] [MainThread]: Sending event: {'category': 'dbt', 'action': 'invocation', 'label': 'start', 'context': [<snowplow_tracker.self_describing_json.SelfDescribingJson object at 0x10990b1a0>, <snowplow_tracker.self_describing_json.SelfDescribingJson object at 0x109b21430>, <snowplow_tracker.self_describing_json.SelfDescribingJson object at 0x109b21010>]}


============================== 23:24:40.108697 | 55b88a09-a299-431b-b6e6-4e678dbd9b2a ==============================
[0m23:24:40.108697 [info ] [MainThread]: Running with dbt=1.12.3
[0m23:24:40.108919 [debug] [MainThread]: running dbt with arguments {'log_format': 'default', 'write_json': 'True', 'warn_error': 'None', 'send_anonymous_usage_stats': 'True', 'no_print': 'None', 'log_path': '/Users/krishna/Krishna/firmable-sales-intel/snowflake/dbt_firmable/logs', 'warn_error_options': 'WarnErrorOptionsV2(error=[], warn=[], silence=[])', 'hints_enabled': 'True', 'fail_fast': 'False', 'use_experimental_parser': 'False', 'empty': 'None', 'use_colors': 'True', 'debug': 'False', 'cache_selected_only': 'False', 'target_path': 'None', 'version_check': 'True', 'static_parser': 'True', 'profiles_dir': '/Users/krishna/Krishna/firmable-sales-intel/snowflake/dbt_firmable', 'partial_parse': 'True', 'maximum_seed_size_mib': '1', 'introspect': 'True', 'printer_width': '80', 'invocation_command': 'dbt debug', 'quiet': 'False', 'indirect_selection': 'eager', 'log_cache_events': 'False'}
[0m23:24:40.117320 [info ] [MainThread]: dbt version: 1.12.3
[0m23:24:40.117470 [info ] [MainThread]: python version: 3.12.14
[0m23:24:40.117569 [info ] [MainThread]: python path: /Users/krishna/Krishna/firmable-sales-intel/.venv-snow/bin/python3.12
[0m23:24:40.117658 [info ] [MainThread]: os info: macOS-26.5.1-arm64-arm-64bit
[0m23:24:40.343987 [debug] [MainThread]: Snowflake adapter: Setting snowflake.connector to ERROR (file logging only)
[0m23:24:40.344200 [debug] [MainThread]: Snowflake adapter: Setting botocore to ERROR (file logging only)
[0m23:24:40.344315 [debug] [MainThread]: Snowflake adapter: Setting boto3 to ERROR (file logging only)
[0m23:24:40.387992 [info ] [MainThread]: Using profiles dir at /Users/krishna/Krishna/firmable-sales-intel/snowflake/dbt_firmable
[0m23:24:40.388195 [info ] [MainThread]: Using profiles.yml file at /Users/krishna/Krishna/firmable-sales-intel/snowflake/dbt_firmable/profiles.yml
[0m23:24:40.388310 [info ] [MainThread]: Using dbt_project.yml file at /Users/krishna/Krishna/firmable-sales-intel/snowflake/dbt_firmable/dbt_project.yml
[0m23:24:40.388694 [info ] [MainThread]: adapter type: snowflake
[0m23:24:40.388826 [info ] [MainThread]: adapter version: 1.12.0
[0m23:24:40.422011 [info ] [MainThread]: Configuration:
[0m23:24:40.422187 [info ] [MainThread]:   profiles.yml file [[32mOK found and valid[0m]
[0m23:24:40.422288 [info ] [MainThread]:   dbt_project.yml file [[32mOK found and valid[0m]
[0m23:24:40.422376 [info ] [MainThread]: Required dependencies:
[0m23:24:40.422526 [debug] [MainThread]: Executing "git --help"
[0m23:24:40.439878 [debug] [MainThread]: STDOUT: "b"usage: git [-v | --version] [-h | --help] [-C <path>] [-c <name>=<value>]\n           [--exec-path[=<path>]] [--html-path] [--man-path] [--info-path]\n           [-p | --paginate | -P | --no-pager] [--no-replace-objects] [--no-lazy-fetch]\n           [--no-optional-locks] [--no-advice] [--bare] [--git-dir=<path>]\n           [--work-tree=<path>] [--namespace=<name>] [--config-env=<name>=<envvar>]\n           <command> [<args>]\n\nThese are common Git commands used in various situations:\n\nstart a working area (see also: git help tutorial)\n   clone      Clone a repository into a new directory\n   init       Create an empty Git repository or reinitialize an existing one\n\nwork on the current change (see also: git help everyday)\n   add        Add file contents to the index\n   mv         Move or rename a file, a directory, or a symlink\n   restore    Restore working tree files\n   rm         Remove files from the working tree and from the index\n\nexamine the history and state (see also: git help revisions)\n   bisect     Use binary search to find the commit that introduced a bug\n   diff       Show changes between commits, commit and working tree, etc\n   grep       Print lines matching a pattern\n   log        Show commit logs\n   show       Show various types of objects\n   status     Show the working tree status\n\ngrow, mark and tweak your common history\n   backfill   Download missing objects in a partial clone\n   branch     List, create, or delete branches\n   commit     Record changes to the repository\n   merge      Join two or more development histories together\n   rebase     Reapply commits on top of another base tip\n   reset      Reset current HEAD to the specified state\n   switch     Switch branches\n   tag        Create, list, delete or verify a tag object signed with GPG\n\ncollaborate (see also: git help workflows)\n   fetch      Download objects and refs from another repository\n   pull       Fetch from and integrate with another repository or a local branch\n   push       Update remote refs along with associated objects\n\n'git help -a' and 'git help -g' list available subcommands and some\nconcept guides. See 'git help <command>' or 'git help <concept>'\nto read about a specific subcommand or concept.\nSee 'git help git' for an overview of the system.\n""
[0m23:24:40.440296 [debug] [MainThread]: STDERR: "b''"
[0m23:24:40.440426 [info ] [MainThread]:  - git [[32mOK found[0m]

[0m23:24:40.440544 [info ] [MainThread]: Connection:
[0m23:24:40.440678 [info ] [MainThread]:   account: anpeqrr-ku01703
[0m23:24:40.440771 [info ] [MainThread]:   user: KRISHNA
[0m23:24:40.440859 [info ] [MainThread]:   database: FIRMABLE
[0m23:24:40.440943 [info ] [MainThread]:   warehouse: COMPUTE_WH
[0m23:24:40.441027 [info ] [MainThread]:   role: SYSADMIN
[0m23:24:40.441108 [info ] [MainThread]:   schema: dbt
[0m23:24:40.441191 [info ] [MainThread]:   authenticator: username_password_mfa
[0m23:24:40.441276 [info ] [MainThread]:   oauth_client_id: None
[0m23:24:40.441363 [info ] [MainThread]:   query_tag: None
[0m23:24:40.441459 [info ] [MainThread]:   client_session_keep_alive: True
[0m23:24:40.441552 [info ] [MainThread]:   host: None
[0m23:24:40.441643 [info ] [MainThread]:   port: None
[0m23:24:40.441735 [info ] [MainThread]:   proxy_host: None
[0m23:24:40.441826 [info ] [MainThread]:   proxy_port: None
[0m23:24:40.441915 [info ] [MainThread]:   protocol: None
[0m23:24:40.442006 [info ] [MainThread]:   connect_retries: 1
[0m23:24:40.442103 [info ] [MainThread]:   connect_timeout: None
[0m23:24:40.442193 [info ] [MainThread]:   retry_on_database_errors: False
[0m23:24:40.442283 [info ] [MainThread]:   retry_all: False
[0m23:24:40.442366 [info ] [MainThread]:   insecure_mode: False
[0m23:24:40.442445 [info ] [MainThread]:   reuse_connections: None
[0m23:24:40.442527 [info ] [MainThread]:   s3_stage_vpce_dns_name: None
[0m23:24:40.442606 [info ] [MainThread]:   workload_identity_provider: None
[0m23:24:40.442686 [info ] [MainThread]:   workload_identity_entra_resource: None
[0m23:24:40.442768 [info ] [MainThread]:   platform_detection_timeout_seconds: 0.0
[0m23:24:40.443018 [info ] [MainThread]: Registered adapter: snowflake=1.12.0
[0m23:24:40.490194 [debug] [MainThread]: Acquiring new snowflake connection 'debug'
[0m23:24:40.491501 [debug] [MainThread]: Using snowflake connection "debug"
[0m23:24:40.491631 [debug] [MainThread]: On debug: select 1 as id
[0m23:24:40.491726 [debug] [MainThread]: Opening a new connection, currently in state init
[0m23:24:42.269041 [error] [MainThread]: Failed to delete credential in the keyring: err=[Can't delete password in keychain: (-25300, 'Item not found')]
[0m23:24:42.271688 [debug] [MainThread]: Snowflake adapter: Error running SQL: select 1 as id
[0m23:24:42.271945 [debug] [MainThread]: Snowflake adapter: Rolling back transaction.
[0m23:24:42.272202 [debug] [MainThread]: On debug: No close available on handle
[0m23:24:42.272463 [info ] [MainThread]:   Connection test: [[31mERROR[0m]

[0m23:24:42.272726 [info ] [MainThread]: [31m1 check failed:[0m
[0m23:24:42.272933 [info ] [MainThread]: dbt was unable to connect to the specified database.
The database returned the following error:

  >Database Error
  394508 (08001): Failed to connect to DB: anpeqrr-ku01703.snowflakecomputing.com:443. Failed to authenticate: MFA with TOTP is required. To authenticate, provide both your password and a current TOTP passcode. [57942981-d2be-47a4-988a-22063a19c799]

Check your database credentials and try again. For more information, visit:
https://docs.getdbt.com/docs/configure-your-profile


[0m23:24:42.276299 [debug] [MainThread]: Resource report: {"command_name": "debug", "command_success": false, "command_wall_clock_time": 2.206293, "process_in_blocks": "0", "process_kernel_time": 0.186088, "process_mem_max_rss": "173735936", "process_out_blocks": "0", "process_user_time": 0.803604}
[0m23:24:42.276763 [debug] [MainThread]: Command `dbt debug` failed at 23:24:42.276687 after 2.21 seconds
[0m23:24:42.277031 [debug] [MainThread]: Connection 'debug' was properly closed.
[0m23:24:42.277274 [debug] [MainThread]: Sending event: {'category': 'dbt', 'action': 'invocation', 'label': 'end', 'context': [<snowplow_tracker.self_describing_json.SelfDescribingJson object at 0x109b21430>, <snowplow_tracker.self_describing_json.SelfDescribingJson object at 0x10a65d5b0>, <snowplow_tracker.self_describing_json.SelfDescribingJson object at 0x10a6efd10>]}
[0m23:24:42.277578 [debug] [MainThread]: Flushing usage events
[0m23:24:43.404088 [debug] [MainThread]: An error was encountered while trying to flush usage events
[0m23:39:13.923322 [debug] [MainThread]: Sending event: {'category': 'dbt', 'action': 'invocation', 'label': 'start', 'context': [<snowplow_tracker.self_describing_json.SelfDescribingJson object at 0x10b5149b0>, <snowplow_tracker.self_describing_json.SelfDescribingJson object at 0x10bfa31d0>, <snowplow_tracker.self_describing_json.SelfDescribingJson object at 0x10bfa2de0>]}


============================== 23:39:13.926437 | 0c5f02ce-f071-4ca2-8ceb-55fb38393ef5 ==============================
[0m23:39:13.926437 [info ] [MainThread]: Running with dbt=1.12.3
[0m23:39:13.926666 [debug] [MainThread]: running dbt with arguments {'quiet': 'False', 'invocation_command': 'dbt build', 'static_parser': 'True', 'use_colors': 'True', 'write_json': 'True', 'warn_error': 'None', 'printer_width': '80', 'maximum_seed_size_mib': '1', 'profiles_dir': '/Users/krishna/Krishna/firmable-sales-intel/snowflake/dbt_firmable', 'log_cache_events': 'False', 'cache_selected_only': 'False', 'introspect': 'True', 'send_anonymous_usage_stats': 'True', 'empty': 'False', 'warn_error_options': 'WarnErrorOptionsV2(error=[], warn=[], silence=[])', 'debug': 'False', 'use_experimental_parser': 'False', 'partial_parse': 'True', 'target_path': 'None', 'hints_enabled': 'True', 'version_check': 'True', 'indirect_selection': 'eager', 'log_format': 'default', 'no_print': 'None', 'log_path': '/Users/krishna/Krishna/firmable-sales-intel/snowflake/dbt_firmable/logs', 'fail_fast': 'False'}
[0m23:39:14.155068 [debug] [MainThread]: Snowflake adapter: Setting snowflake.connector to ERROR (file logging only)
[0m23:39:14.155287 [debug] [MainThread]: Snowflake adapter: Setting botocore to ERROR (file logging only)
[0m23:39:14.155400 [debug] [MainThread]: Snowflake adapter: Setting boto3 to ERROR (file logging only)
[0m23:39:14.243217 [debug] [MainThread]: Sending event: {'category': 'dbt', 'action': 'project_id', 'label': '0c5f02ce-f071-4ca2-8ceb-55fb38393ef5', 'context': [<snowplow_tracker.self_describing_json.SelfDescribingJson object at 0x10e0f7860>]}
[0m23:39:14.263438 [debug] [MainThread]: Sending event: {'category': 'dbt', 'action': 'adapter_info', 'label': '0c5f02ce-f071-4ca2-8ceb-55fb38393ef5', 'context': [<snowplow_tracker.self_describing_json.SelfDescribingJson object at 0x10e0d6150>]}
[0m23:39:14.263970 [info ] [MainThread]: Registered adapter: snowflake=1.12.0
[0m23:39:14.316119 [debug] [MainThread]: checksum: 8487e5174d5455efc4b928c07eb71a3e9e5630edadff0c191384eeb740f408b7, vars: {}, profile: firmable, target: dev, version: 1.12.3
[0m23:39:14.316476 [info ] [MainThread]: Unable to do partial parsing because saved manifest not found. Starting full parse.
[0m23:39:14.316614 [debug] [MainThread]: Sending event: {'category': 'dbt', 'action': 'partial_parser', 'label': '0c5f02ce-f071-4ca2-8ceb-55fb38393ef5', 'context': [<snowplow_tracker.self_describing_json.SelfDescribingJson object at 0x10bfcad50>]}
[0m23:39:14.919750 [warn ] [MainThread]: [[33mWARNING[0m][MissingArgumentsPropertyInGenericTestDeprecation]: Deprecated
functionality
Found top-level arguments to test `accepted_values` defined on
'fct_account_score' in package 'firmable' (models/marts/_marts.yml). Arguments
to generic tests should be nested under the `arguments` property.
[0m23:39:14.919987 [debug] [MainThread]: Sending event: {'category': 'dbt', 'action': 'deprecation', 'label': '0c5f02ce-f071-4ca2-8ceb-55fb38393ef5', 'property_': 'warn', 'context': [<snowplow_tracker.self_describing_json.SelfDescribingJson object at 0x10e9aca40>]}
[0m23:39:14.971551 [debug] [MainThread]: Sending event: {'category': 'dbt', 'action': 'load_project', 'label': '0c5f02ce-f071-4ca2-8ceb-55fb38393ef5', 'context': [<snowplow_tracker.self_describing_json.SelfDescribingJson object at 0x10eb289b0>]}
[0m23:39:15.016806 [debug] [MainThread]: Wrote artifact WritableManifest to /Users/krishna/Krishna/firmable-sales-intel/snowflake/dbt_firmable/target/manifest.json
[0m23:39:15.018976 [debug] [MainThread]: Wrote artifact SemanticManifest to /Users/krishna/Krishna/firmable-sales-intel/snowflake/dbt_firmable/target/semantic_manifest.json
[0m23:39:15.035352 [debug] [MainThread]: Wrote artifact OsiDocument to /Users/krishna/Krishna/firmable-sales-intel/snowflake/dbt_firmable/target/osi_document.json
[0m23:39:15.046536 [debug] [MainThread]: Sending event: {'category': 'dbt', 'action': 'resource_counts', 'label': '0c5f02ce-f071-4ca2-8ceb-55fb38393ef5', 'context': [<snowplow_tracker.self_describing_json.SelfDescribingJson object at 0x10eb372c0>]}
[0m23:39:15.046724 [info ] [MainThread]: Found 5 models, 1 seed, 7 data tests, 1 source, 545 macros
[0m23:39:15.047627 [info ] [MainThread]: 
[0m23:39:15.047756 [info ] [MainThread]: Concurrency: 4 threads (target='dev')
[0m23:39:15.047861 [info ] [MainThread]: 
[0m23:39:15.048056 [debug] [MainThread]: Acquiring new snowflake connection 'master'
[0m23:39:15.049780 [debug] [ThreadPool]: Acquiring new snowflake connection 'list_FIRMABLE'
[0m23:39:15.053944 [debug] [ThreadPool]: Acquiring new snowflake connection 'list_FIRMABLE'
[0m23:39:15.054506 [debug] [ThreadPool]: Acquiring new snowflake connection 'list_FIRMABLE'
[0m23:39:15.054965 [debug] [ThreadPool]: Acquiring new snowflake connection 'list_FIRMABLE'
[0m23:39:15.056249 [debug] [ThreadPool]: Using snowflake connection "list_FIRMABLE"
[0m23:39:15.056420 [debug] [ThreadPool]: Using snowflake connection "list_FIRMABLE"
[0m23:39:15.056545 [debug] [ThreadPool]: On list_FIRMABLE: show terse schemas in database FIRMABLE
    limit 10000
/* {"app": "dbt", "dbt_version": "1.12.3", "profile_name": "firmable", "target_name": "dev", "connection_name": "list_FIRMABLE"} */
[0m23:39:15.056690 [debug] [ThreadPool]: Using snowflake connection "list_FIRMABLE"
[0m23:39:15.056854 [debug] [ThreadPool]: Using snowflake connection "list_FIRMABLE"
[0m23:39:15.056987 [debug] [ThreadPool]: On list_FIRMABLE: show terse schemas in database FIRMABLE
    limit 10000
/* {"app": "dbt", "dbt_version": "1.12.3", "profile_name": "firmable", "target_name": "dev", "connection_name": "list_FIRMABLE"} */
[0m23:39:15.057096 [debug] [ThreadPool]: Opening a new connection, currently in state init
[0m23:39:15.057204 [debug] [ThreadPool]: On list_FIRMABLE: show terse schemas in database FIRMABLE
    limit 10000
/* {"app": "dbt", "dbt_version": "1.12.3", "profile_name": "firmable", "target_name": "dev", "connection_name": "list_FIRMABLE"} */
[0m23:39:15.057307 [debug] [ThreadPool]: On list_FIRMABLE: show terse schemas in database FIRMABLE
    limit 10000
/* {"app": "dbt", "dbt_version": "1.12.3", "profile_name": "firmable", "target_name": "dev", "connection_name": "list_FIRMABLE"} */
[0m23:39:15.057413 [debug] [ThreadPool]: Opening a new connection, currently in state init
[0m23:39:15.057534 [debug] [ThreadPool]: Opening a new connection, currently in state init
[0m23:39:15.057642 [debug] [ThreadPool]: Opening a new connection, currently in state init
[0m23:39:16.266744 [debug] [ThreadPool]: SQL status: SUCCESS 4 in 1.209 seconds
[0m23:39:16.267950 [debug] [ThreadPool]: SQL status: SUCCESS 4 in 1.210 seconds
[0m23:39:16.271041 [debug] [ThreadPool]: On list_FIRMABLE: Close
[0m23:39:16.272910 [debug] [ThreadPool]: On list_FIRMABLE: Close
[0m23:39:16.354263 [debug] [ThreadPool]: SQL status: SUCCESS 4 in 1.296 seconds
[0m23:39:16.355531 [debug] [ThreadPool]: SQL status: SUCCESS 4 in 1.298 seconds
[0m23:39:16.357490 [debug] [ThreadPool]: On list_FIRMABLE: Close
[0m23:39:16.359188 [debug] [ThreadPool]: On list_FIRMABLE: Close
[0m23:39:16.556092 [debug] [ThreadPool]: Re-using an available connection from the pool (formerly list_FIRMABLE, now create_FIRMABLE_dbt_intermediate)
[0m23:39:16.556777 [debug] [ThreadPool]: Re-using an available connection from the pool (formerly list_FIRMABLE, now create_FIRMABLE_dbt_staging)
[0m23:39:16.557228 [debug] [ThreadPool]: Re-using an available connection from the pool (formerly list_FIRMABLE, now create_FIRMABLE_dbt_marts)
[0m23:39:16.557912 [debug] [ThreadPool]: Creating schema "database: "FIRMABLE"
schema: "dbt_intermediate"
"
[0m23:39:16.558324 [debug] [ThreadPool]: Re-using an available connection from the pool (formerly list_FIRMABLE, now create_FIRMABLE_dbt_seeds)
[0m23:39:16.558799 [debug] [ThreadPool]: Creating schema "database: "FIRMABLE"
schema: "dbt_staging"
"
[0m23:39:16.559194 [debug] [ThreadPool]: Creating schema "database: "FIRMABLE"
schema: "dbt_marts"
"
[0m23:39:16.563103 [debug] [ThreadPool]: Using snowflake connection "create_FIRMABLE_dbt_intermediate"
[0m23:39:16.563504 [debug] [ThreadPool]: Creating schema "database: "FIRMABLE"
schema: "dbt_seeds"
"
[0m23:39:16.565081 [debug] [ThreadPool]: Using snowflake connection "create_FIRMABLE_dbt_staging"
[0m23:39:16.565961 [debug] [ThreadPool]: Using snowflake connection "create_FIRMABLE_dbt_marts"
[0m23:39:16.566271 [debug] [ThreadPool]: On create_FIRMABLE_dbt_intermediate: create schema if not exists FIRMABLE.dbt_intermediate
/* {"app": "dbt", "dbt_version": "1.12.3", "profile_name": "firmable", "target_name": "dev", "connection_name": "create_FIRMABLE_dbt_intermediate"} */
[0m23:39:16.567443 [debug] [ThreadPool]: Using snowflake connection "create_FIRMABLE_dbt_seeds"
[0m23:39:16.567758 [debug] [ThreadPool]: On create_FIRMABLE_dbt_staging: create schema if not exists FIRMABLE.dbt_staging
/* {"app": "dbt", "dbt_version": "1.12.3", "profile_name": "firmable", "target_name": "dev", "connection_name": "create_FIRMABLE_dbt_staging"} */
[0m23:39:16.567998 [debug] [ThreadPool]: On create_FIRMABLE_dbt_marts: create schema if not exists FIRMABLE.dbt_marts
/* {"app": "dbt", "dbt_version": "1.12.3", "profile_name": "firmable", "target_name": "dev", "connection_name": "create_FIRMABLE_dbt_marts"} */
[0m23:39:16.568236 [debug] [ThreadPool]: Opening a new connection, currently in state closed
[0m23:39:16.568439 [debug] [ThreadPool]: On create_FIRMABLE_dbt_seeds: create schema if not exists FIRMABLE.dbt_seeds
/* {"app": "dbt", "dbt_version": "1.12.3", "profile_name": "firmable", "target_name": "dev", "connection_name": "create_FIRMABLE_dbt_seeds"} */
[0m23:39:16.568633 [debug] [ThreadPool]: Opening a new connection, currently in state closed
[0m23:39:16.568819 [debug] [ThreadPool]: Opening a new connection, currently in state closed
[0m23:39:16.569103 [debug] [ThreadPool]: Opening a new connection, currently in state closed
[0m23:39:17.373744 [debug] [ThreadPool]: SQL status: SUCCESS 1 in 0.805 seconds
[0m23:39:17.375806 [debug] [ThreadPool]: On create_FIRMABLE_dbt_staging: Close
[0m23:39:17.763726 [debug] [ThreadPool]: SQL status: SUCCESS 1 in 1.195 seconds
[0m23:39:17.765619 [debug] [ThreadPool]: On create_FIRMABLE_dbt_intermediate: Close
[0m23:39:17.785142 [debug] [ThreadPool]: SQL status: SUCCESS 1 in 1.216 seconds
[0m23:39:17.786943 [debug] [ThreadPool]: On create_FIRMABLE_dbt_marts: Close
[0m23:39:18.137069 [debug] [ThreadPool]: SQL status: SUCCESS 1 in 1.568 seconds
[0m23:39:18.138900 [debug] [ThreadPool]: On create_FIRMABLE_dbt_seeds: Close
[0m23:39:18.337219 [debug] [ThreadPool]: Re-using an available connection from the pool (formerly create_FIRMABLE_dbt_intermediate, now list_FIRMABLE_dbt_intermediate)
[0m23:39:18.338087 [debug] [ThreadPool]: Re-using an available connection from the pool (formerly create_FIRMABLE_dbt_marts, now list_FIRMABLE_dbt_staging)
[0m23:39:18.344611 [debug] [ThreadPool]: Re-using an available connection from the pool (formerly create_FIRMABLE_dbt_staging, now list_FIRMABLE_dbt_marts)
[0m23:39:18.346689 [debug] [ThreadPool]: Re-using an available connection from the pool (formerly create_FIRMABLE_dbt_seeds, now list_FIRMABLE_dbt_seeds)
[0m23:39:18.357416 [debug] [ThreadPool]: Using snowflake connection "list_FIRMABLE_dbt_staging"
[0m23:39:18.361357 [debug] [ThreadPool]: Using snowflake connection "list_FIRMABLE_dbt_intermediate"
[0m23:39:18.362508 [debug] [ThreadPool]: Using snowflake connection "list_FIRMABLE_dbt_marts"
[0m23:39:18.363506 [debug] [ThreadPool]: Using snowflake connection "list_FIRMABLE_dbt_seeds"
[0m23:39:18.363719 [debug] [ThreadPool]: On list_FIRMABLE_dbt_staging: show objects in FIRMABLE.dbt_staging
    limit 10000
    

/* {"app": "dbt", "dbt_version": "1.12.3", "profile_name": "firmable", "target_name": "dev", "connection_name": "list_FIRMABLE_dbt_staging"} */;
[0m23:39:18.363905 [debug] [ThreadPool]: On list_FIRMABLE_dbt_intermediate: show objects in FIRMABLE.dbt_intermediate
    limit 10000
    

/* {"app": "dbt", "dbt_version": "1.12.3", "profile_name": "firmable", "target_name": "dev", "connection_name": "list_FIRMABLE_dbt_intermediate"} */;
[0m23:39:18.364081 [debug] [ThreadPool]: On list_FIRMABLE_dbt_marts: show objects in FIRMABLE.dbt_marts
    limit 10000
    

/* {"app": "dbt", "dbt_version": "1.12.3", "profile_name": "firmable", "target_name": "dev", "connection_name": "list_FIRMABLE_dbt_marts"} */;
[0m23:39:18.364255 [debug] [ThreadPool]: On list_FIRMABLE_dbt_seeds: show objects in FIRMABLE.dbt_seeds
    limit 10000
    

/* {"app": "dbt", "dbt_version": "1.12.3", "profile_name": "firmable", "target_name": "dev", "connection_name": "list_FIRMABLE_dbt_seeds"} */;
[0m23:39:18.364425 [debug] [ThreadPool]: Opening a new connection, currently in state closed
[0m23:39:18.364581 [debug] [ThreadPool]: Opening a new connection, currently in state closed
[0m23:39:18.364736 [debug] [ThreadPool]: Opening a new connection, currently in state closed
[0m23:39:18.364912 [debug] [ThreadPool]: Opening a new connection, currently in state closed
[0m23:39:19.211592 [debug] [ThreadPool]: SQL status: SUCCESS 0 in 0.847 seconds
[0m23:39:19.212845 [debug] [ThreadPool]: SQL status: SUCCESS 0 in 0.848 seconds
[0m23:39:19.221596 [debug] [ThreadPool]: Using snowflake connection "list_FIRMABLE_dbt_staging"
[0m23:39:19.225808 [debug] [ThreadPool]: Using snowflake connection "list_FIRMABLE_dbt_intermediate"
[0m23:39:19.226411 [debug] [ThreadPool]: On list_FIRMABLE_dbt_staging: show user functions in FIRMABLE.dbt_staging
/* {"app": "dbt", "dbt_version": "1.12.3", "profile_name": "firmable", "target_name": "dev", "connection_name": "list_FIRMABLE_dbt_staging"} */
[0m23:39:19.226839 [debug] [ThreadPool]: On list_FIRMABLE_dbt_intermediate: show user functions in FIRMABLE.dbt_intermediate
/* {"app": "dbt", "dbt_version": "1.12.3", "profile_name": "firmable", "target_name": "dev", "connection_name": "list_FIRMABLE_dbt_intermediate"} */
[0m23:39:19.245775 [debug] [ThreadPool]: SQL status: SUCCESS 0 in 0.881 seconds
[0m23:39:19.247142 [debug] [ThreadPool]: SQL status: SUCCESS 0 in 0.882 seconds
[0m23:39:19.250080 [debug] [ThreadPool]: Using snowflake connection "list_FIRMABLE_dbt_marts"
[0m23:39:19.252568 [debug] [ThreadPool]: Using snowflake connection "list_FIRMABLE_dbt_seeds"
[0m23:39:19.252894 [debug] [ThreadPool]: On list_FIRMABLE_dbt_marts: show user functions in FIRMABLE.dbt_marts
/* {"app": "dbt", "dbt_version": "1.12.3", "profile_name": "firmable", "target_name": "dev", "connection_name": "list_FIRMABLE_dbt_marts"} */
[0m23:39:19.253140 [debug] [ThreadPool]: On list_FIRMABLE_dbt_seeds: show user functions in FIRMABLE.dbt_seeds
/* {"app": "dbt", "dbt_version": "1.12.3", "profile_name": "firmable", "target_name": "dev", "connection_name": "list_FIRMABLE_dbt_seeds"} */
[0m23:39:19.359847 [debug] [ThreadPool]: SQL status: SUCCESS 0 in 0.133 seconds
[0m23:39:19.362175 [debug] [ThreadPool]: On list_FIRMABLE_dbt_staging: Close
[0m23:39:19.363481 [debug] [ThreadPool]: SQL status: SUCCESS 0 in 0.136 seconds
[0m23:39:19.365284 [debug] [ThreadPool]: On list_FIRMABLE_dbt_intermediate: Close
[0m23:39:19.406857 [debug] [ThreadPool]: SQL status: SUCCESS 0 in 0.153 seconds
[0m23:39:19.409169 [debug] [ThreadPool]: On list_FIRMABLE_dbt_seeds: Close
[0m23:39:19.437954 [debug] [ThreadPool]: SQL status: SUCCESS 0 in 0.184 seconds
[0m23:39:19.440600 [debug] [ThreadPool]: On list_FIRMABLE_dbt_marts: Close
[0m23:39:19.645496 [debug] [MainThread]: Sending event: {'category': 'dbt', 'action': 'runnable_timing', 'label': '0c5f02ce-f071-4ca2-8ceb-55fb38393ef5', 'context': [<snowplow_tracker.self_describing_json.SelfDescribingJson object at 0x10eb49e50>]}
[0m23:39:19.653706 [debug] [Thread-14 ]: Began running node model.firmable.stg_services
[0m23:39:19.654290 [debug] [Thread-15 ]: Began running node seed.firmable.infra_domains
[0m23:39:19.654917 [info ] [Thread-14 ]: 1 of 13 START sql view model dbt_staging.stg_services .......................... [RUN]
[0m23:39:19.655570 [info ] [Thread-15 ]: 2 of 13 START seed file dbt_seeds.infra_domains ................................ [RUN]
[0m23:39:19.656088 [debug] [Thread-14 ]: Re-using an available connection from the pool (formerly list_FIRMABLE_dbt_intermediate, now model.firmable.stg_services)
[0m23:39:19.656499 [debug] [Thread-15 ]: Re-using an available connection from the pool (formerly list_FIRMABLE_dbt_staging, now seed.firmable.infra_domains)
[0m23:39:19.656843 [debug] [Thread-14 ]: Began compiling node model.firmable.stg_services
[0m23:39:19.657165 [debug] [Thread-15 ]: Began compiling node seed.firmable.infra_domains
[0m23:39:19.663394 [debug] [Thread-14 ]: Writing injected SQL for node "model.firmable.stg_services"
[0m23:39:19.663728 [debug] [Thread-15 ]: Began executing node seed.firmable.infra_domains
[0m23:39:19.683124 [debug] [Thread-15 ]: Using snowflake connection "seed.firmable.infra_domains"
[0m23:39:19.683365 [debug] [Thread-15 ]: On seed.firmable.infra_domains: create table FIRMABLE.dbt_seeds.infra_domains (domain text)
/* {"app": "dbt", "dbt_version": "1.12.3", "profile_name": "firmable", "target_name": "dev", "node_id": "seed.firmable.infra_domains"} */
[0m23:39:19.683538 [debug] [Thread-15 ]: Opening a new connection, currently in state closed
[0m23:39:19.749004 [debug] [Thread-14 ]: Began executing node model.firmable.stg_services
[0m23:39:19.757493 [debug] [Thread-14 ]: Writing runtime sql for node "model.firmable.stg_services"
[0m23:39:19.760995 [debug] [Thread-14 ]: Using snowflake connection "model.firmable.stg_services"
[0m23:39:19.761549 [debug] [Thread-14 ]: On model.firmable.stg_services: create or replace   view FIRMABLE.dbt_staging.stg_services
  
  
  
  
  as (
    -- One clean, typed row per scanned service (IP:port observation).
-- Unpacks the raw Shodan VARIANT. Kept as a view: cheap, always fresh.
with raw as (
    select v from FIRMABLE.RAW.scans
)
select
    v:ip_str::string                                   as ip,
    v:port::int                                        as port,
    v:transport::string                                as transport,
    v:asn::string                                      as asn,
    v:org::string                                      as org,
    v:isp::string                                      as isp,
    v:_shodan:module::string                           as scan_module,
    v:timestamp::timestamp_ntz                         as observed_at,

    -- geo
    v:location:country_code::string                    as country_code,
    v:location:country_name::string                    as country_name,
    v:location:city::string                            as city,

    -- identity arrays (used downstream for entity resolution)
    v:domains                                          as domains,
    v:hostnames                                        as hostnames,
    v:tags                                              as tags,

    -- software fingerprint
    v:product::string                                  as product,
    v:version::string                                  as version,
    v:cpe23                                            as cpe23,

    -- http
    v:http:status::int                                 as http_status,
    v:http:headers                                     as http_headers,
    v:http:title::string                               as http_title,

    -- tls
    (v:ssl is not null)                                as has_tls,
    v:ssl:versions                                     as tls_versions,
    v:ssl:cert:expired::boolean                        as cert_expired,

    -- vulnerabilities: Shodan exposes both a top-level `vulns` object and opts.vulns[]
    v:vulns                                            as vulns_obj,
    v:opts:vulns                                        as opts_vulns,

    -- raw banner (free text) — the LLM reads this when structured fields are absent
    v:data::string                                     as banner,
    v                                                  as raw
from raw
-- Drop honeypots: decoy hosts, not real prospects.
where not array_contains('honeypot'::variant, v:tags)
  )
/* {"app": "dbt", "dbt_version": "1.12.3", "profile_name": "firmable", "target_name": "dev", "node_id": "model.firmable.stg_services"} */;
[0m23:39:19.761950 [debug] [Thread-14 ]: Opening a new connection, currently in state closed
[0m23:39:20.785206 [debug] [Thread-14 ]: SQL status: SUCCESS 1 in 1.023 seconds
[0m23:39:20.811872 [debug] [Thread-14 ]: On model.firmable.stg_services: Close
[0m23:39:21.004492 [debug] [Thread-14 ]: Sending event: {'category': 'dbt', 'action': 'run_model', 'label': '0c5f02ce-f071-4ca2-8ceb-55fb38393ef5', 'context': [<snowplow_tracker.self_describing_json.SelfDescribingJson object at 0x10ade6450>]}
[0m23:39:21.005926 [info ] [Thread-14 ]: 1 of 13 OK created sql view model dbt_staging.stg_services ..................... [[32mSUCCESS 1[0m in 1.35s]
[0m23:39:21.006789 [debug] [Thread-14 ]: Finished running node model.firmable.stg_services
[0m23:39:21.007624 [debug] [Thread-17 ]: Began running node test.firmable.not_null_stg_services_ip.8138937272
[0m23:39:21.007985 [debug] [Thread-16 ]: Began running node test.firmable.not_null_stg_services_port.9bd90b647a
[0m23:39:21.008335 [info ] [Thread-17 ]: 3 of 13 START test not_null_stg_services_ip .................................... [RUN]
[0m23:39:21.008728 [info ] [Thread-16 ]: 4 of 13 START test not_null_stg_services_port .................................. [RUN]
[0m23:39:21.009351 [debug] [Thread-17 ]: Re-using an available connection from the pool (formerly list_FIRMABLE_dbt_seeds, now test.firmable.not_null_stg_services_ip.8138937272)
[0m23:39:21.009827 [debug] [Thread-16 ]: Re-using an available connection from the pool (formerly list_FIRMABLE_dbt_marts, now test.firmable.not_null_stg_services_port.9bd90b647a)
[0m23:39:21.010212 [debug] [Thread-17 ]: Began compiling node test.firmable.not_null_stg_services_ip.8138937272
[0m23:39:21.010524 [debug] [Thread-16 ]: Began compiling node test.firmable.not_null_stg_services_port.9bd90b647a
[0m23:39:21.021925 [debug] [Thread-17 ]: Writing injected SQL for node "test.firmable.not_null_stg_services_ip.8138937272"
[0m23:39:21.027391 [debug] [Thread-16 ]: Writing injected SQL for node "test.firmable.not_null_stg_services_port.9bd90b647a"
[0m23:39:21.028039 [debug] [Thread-15 ]: SQL status: SUCCESS 1 in 1.344 seconds
[0m23:39:21.040744 [debug] [Thread-15 ]: Using snowflake connection "seed.firmable.infra_domains"
[0m23:39:21.040946 [debug] [Thread-15 ]: On seed.firmable.infra_domains: BEGIN
/* {"app": "dbt", "dbt_version": "1.12.3", "profile_name": "firmable", "target_name": "dev", "node_id": "seed.firmable.infra_domains"} */
[0m23:39:21.041529 [debug] [Thread-16 ]: Began executing node test.firmable.not_null_stg_services_port.9bd90b647a
[0m23:39:21.050938 [debug] [Thread-16 ]: Writing runtime sql for node "test.firmable.not_null_stg_services_port.9bd90b647a"
[0m23:39:21.051198 [debug] [Thread-17 ]: Began executing node test.firmable.not_null_stg_services_ip.8138937272
[0m23:39:21.052258 [debug] [Thread-17 ]: Writing runtime sql for node "test.firmable.not_null_stg_services_ip.8138937272"
[0m23:39:21.052891 [debug] [Thread-17 ]: Using snowflake connection "test.firmable.not_null_stg_services_ip.8138937272"
[0m23:39:21.053197 [debug] [Thread-16 ]: Using snowflake connection "test.firmable.not_null_stg_services_port.9bd90b647a"
[0m23:39:21.053362 [debug] [Thread-17 ]: On test.firmable.not_null_stg_services_ip.8138937272: select
      count(*) as failures,
      count(*) != 0 as should_warn,
      count(*) != 0 as should_error
    from (
      
    
  
    
    



select ip
from FIRMABLE.dbt_staging.stg_services
where ip is null



  
  
      
    ) dbt_internal_test
/* {"app": "dbt", "dbt_version": "1.12.3", "profile_name": "firmable", "target_name": "dev", "node_id": "test.firmable.not_null_stg_services_ip.8138937272"} */
[0m23:39:21.053526 [debug] [Thread-16 ]: On test.firmable.not_null_stg_services_port.9bd90b647a: select
      count(*) as failures,
      count(*) != 0 as should_warn,
      count(*) != 0 as should_error
    from (
      
    
  
    
    



select port
from FIRMABLE.dbt_staging.stg_services
where port is null



  
  
      
    ) dbt_internal_test
/* {"app": "dbt", "dbt_version": "1.12.3", "profile_name": "firmable", "target_name": "dev", "node_id": "test.firmable.not_null_stg_services_port.9bd90b647a"} */
[0m23:39:21.053685 [debug] [Thread-17 ]: Opening a new connection, currently in state closed
[0m23:39:21.053825 [debug] [Thread-16 ]: Opening a new connection, currently in state closed
[0m23:39:21.267006 [debug] [Thread-15 ]: SQL status: SUCCESS 1 in 0.226 seconds
[0m23:39:21.267613 [debug] [Thread-15 ]: Using snowflake connection "seed.firmable.infra_domains"
[0m23:39:21.267784 [debug] [Thread-15 ]: On seed.firmable.infra_domains: insert overwrite into FIRMABLE.dbt_seeds.infra_domains (domain) values
            (%s),(%s),(%s),(%s),(%s),(%s),(%s),(%s),(%s),(%s),(%s),(%s),(%s),(%s),(%s),(%s),(%s),(%s),(%s),(%s),(%s),(%s),(%s),(%s),(%s),(%s),(%s),(%s),(%s),(%s),(%s),(%s)
/* {"app": "dbt", "dbt_version": "1.12.3", "profile_name": "firmable", "target_name": "dev", "node_id": "seed.firmable.infra_domains"} */...
[0m23:39:22.082556 [debug] [Thread-16 ]: SQL status: SUCCESS 1 in 1.028 seconds
[0m23:39:22.089475 [debug] [Thread-16 ]: On test.firmable.not_null_stg_services_port.9bd90b647a: Close
[0m23:39:22.113660 [debug] [Thread-15 ]: SQL status: SUCCESS 32 in 0.845 seconds
[0m23:39:22.114787 [debug] [Thread-15 ]: Using snowflake connection "seed.firmable.infra_domains"
[0m23:39:22.115302 [debug] [Thread-15 ]: On seed.firmable.infra_domains: COMMIT
/* {"app": "dbt", "dbt_version": "1.12.3", "profile_name": "firmable", "target_name": "dev", "node_id": "seed.firmable.infra_domains"} */
[0m23:39:22.507923 [debug] [Thread-17 ]: SQL status: SUCCESS 1 in 1.453 seconds
[0m23:39:22.511103 [debug] [Thread-17 ]: On test.firmable.not_null_stg_services_ip.8138937272: Close
[0m23:39:22.526539 [debug] [Thread-15 ]: SQL status: SUCCESS 1 in 0.410 seconds
[0m23:39:22.533332 [debug] [Thread-15 ]: Writing runtime SQL for node "seed.firmable.infra_domains"
[0m23:39:22.539987 [debug] [Thread-15 ]: On seed.firmable.infra_domains: Close
[0m23:39:22.638661 [info ] [Thread-16 ]: 4 of 13 PASS not_null_stg_services_port ........................................ [[32mPASS[0m in 1.63s]
[0m23:39:22.639739 [debug] [Thread-16 ]: Finished running node test.firmable.not_null_stg_services_port.9bd90b647a
[0m23:39:22.807890 [debug] [Thread-15 ]: Sending event: {'category': 'dbt', 'action': 'run_model', 'label': '0c5f02ce-f071-4ca2-8ceb-55fb38393ef5', 'context': [<snowplow_tracker.self_describing_json.SelfDescribingJson object at 0x10eda9400>]}
[0m23:39:22.809016 [error] [Thread-17 ]: 3 of 13 FAIL 145 not_null_stg_services_ip ...................................... [[31mFAIL 145[0m in 1.80s]
[0m23:39:22.809879 [info ] [Thread-15 ]: 2 of 13 OK loaded seed file dbt_seeds.infra_domains ............................ [[32mINSERT 32[0m in 3.15s]
[0m23:39:22.810616 [debug] [Thread-17 ]: Finished running node test.firmable.not_null_stg_services_ip.8138937272
[0m23:39:22.811214 [debug] [Thread-15 ]: Finished running node seed.firmable.infra_domains
[0m23:39:22.811798 [debug] [Thread-20 ]: Marking all children of 'test.firmable.not_null_stg_services_ip.8138937272' to be skipped because of status 'fail'.  Reason: Got 145 results, configured to fail if != 0.
[0m23:39:22.813469 [debug] [Thread-14 ]: Began running node model.firmable.int_service_signals
[0m23:39:22.814149 [info ] [Thread-14 ]: 5 of 13 SKIP relation dbt_intermediate.int_service_signals ..................... [[33mSKIP[0m]
[0m23:39:22.814663 [debug] [Thread-14 ]: Finished running node model.firmable.int_service_signals
[0m23:39:22.815010 [debug] [Thread-20 ]: Marking all children of 'model.firmable.int_service_signals' to be skipped because of status 'skipped'. 
[0m23:39:22.815685 [debug] [Thread-17 ]: Began running node model.firmable.int_service_company
[0m23:39:22.816033 [info ] [Thread-17 ]: 6 of 13 SKIP relation dbt_intermediate.int_service_company ..................... [[33mSKIP[0m]
[0m23:39:22.816391 [debug] [Thread-17 ]: Finished running node model.firmable.int_service_company
[0m23:39:22.816691 [debug] [Thread-20 ]: Marking all children of 'model.firmable.int_service_company' to be skipped because of status 'skipped'. 
[0m23:39:22.817279 [debug] [Thread-16 ]: Began running node model.firmable.dim_company
[0m23:39:22.817610 [debug] [Thread-14 ]: Began running node model.firmable.fct_account_score
[0m23:39:22.817943 [info ] [Thread-16 ]: 7 of 13 SKIP relation dbt_marts.dim_company .................................... [[33mSKIP[0m]
[0m23:39:22.818550 [debug] [Thread-16 ]: Finished running node model.firmable.dim_company
[0m23:39:22.818287 [info ] [Thread-14 ]: 8 of 13 SKIP relation dbt_marts.fct_account_score .............................. [[33mSKIP[0m]
[0m23:39:22.818920 [debug] [Thread-20 ]: Marking all children of 'model.firmable.dim_company' to be skipped because of status 'skipped'. 
[0m23:39:22.819213 [debug] [Thread-14 ]: Finished running node model.firmable.fct_account_score
[0m23:39:22.819703 [debug] [Thread-17 ]: Began running node test.firmable.not_null_dim_company_company_domain.d899546436
[0m23:39:22.820025 [debug] [Thread-15 ]: Began running node test.firmable.unique_dim_company_company_domain.7e87da9fba
[0m23:39:22.820349 [debug] [Thread-20 ]: Marking all children of 'model.firmable.fct_account_score' to be skipped because of status 'skipped'. 
[0m23:39:22.820810 [info ] [Thread-17 ]: 9 of 13 SKIP test not_null_dim_company_company_domain .......................... [[33mSKIP[0m]
[0m23:39:22.821254 [info ] [Thread-15 ]: 10 of 13 SKIP test unique_dim_company_company_domain ........................... [[33mSKIP[0m]
[0m23:39:22.821849 [debug] [Thread-17 ]: Finished running node test.firmable.not_null_dim_company_company_domain.d899546436
[0m23:39:22.822251 [debug] [Thread-14 ]: Began running node test.firmable.accepted_values_fct_account_score_tier__A__B__C__D.052c23e0a6
[0m23:39:22.822609 [debug] [Thread-15 ]: Finished running node test.firmable.unique_dim_company_company_domain.7e87da9fba
[0m23:39:22.822920 [debug] [Thread-16 ]: Began running node test.firmable.not_null_fct_account_score_company_domain.6f1b1f0c0d
[0m23:39:22.823271 [debug] [Thread-17 ]: Began running node test.firmable.unique_fct_account_score_company_domain.126f098f2e
[0m23:39:22.823609 [info ] [Thread-14 ]: 11 of 13 SKIP test accepted_values_fct_account_score_tier__A__B__C__D .......... [[33mSKIP[0m]
[0m23:39:22.823919 [debug] [Thread-20 ]: Marking all children of 'test.firmable.not_null_dim_company_company_domain.d899546436' to be skipped because of status 'skipped'. 
[0m23:39:22.824296 [info ] [Thread-16 ]: 12 of 13 SKIP test not_null_fct_account_score_company_domain ................... [[33mSKIP[0m]
[0m23:39:22.824622 [info ] [Thread-17 ]: 13 of 13 SKIP test unique_fct_account_score_company_domain ..................... [[33mSKIP[0m]
[0m23:39:22.824929 [debug] [Thread-14 ]: Finished running node test.firmable.accepted_values_fct_account_score_tier__A__B__C__D.052c23e0a6
[0m23:39:22.825209 [debug] [Thread-20 ]: Marking all children of 'test.firmable.unique_dim_company_company_domain.7e87da9fba' to be skipped because of status 'skipped'. 
[0m23:39:22.825507 [debug] [Thread-16 ]: Finished running node test.firmable.not_null_fct_account_score_company_domain.6f1b1f0c0d
[0m23:39:22.825781 [debug] [Thread-17 ]: Finished running node test.firmable.unique_fct_account_score_company_domain.126f098f2e
[0m23:39:22.826087 [debug] [Thread-20 ]: Marking all children of 'test.firmable.accepted_values_fct_account_score_tier__A__B__C__D.052c23e0a6' to be skipped because of status 'skipped'. 
[0m23:39:22.826397 [debug] [Thread-20 ]: Marking all children of 'test.firmable.not_null_fct_account_score_company_domain.6f1b1f0c0d' to be skipped because of status 'skipped'. 
[0m23:39:22.826664 [debug] [Thread-20 ]: Marking all children of 'test.firmable.unique_fct_account_score_company_domain.126f098f2e' to be skipped because of status 'skipped'. 
[0m23:39:22.827734 [debug] [MainThread]: Connection 'master' was properly closed.
[0m23:39:22.828014 [debug] [MainThread]: Connection 'model.firmable.stg_services' was properly closed.
[0m23:39:22.828233 [debug] [MainThread]: Connection 'seed.firmable.infra_domains' was properly closed.
[0m23:39:22.828437 [debug] [MainThread]: Connection 'test.firmable.not_null_stg_services_port.9bd90b647a' was properly closed.
[0m23:39:22.828639 [debug] [MainThread]: Connection 'test.firmable.not_null_stg_services_ip.8138937272' was properly closed.
[0m23:39:22.828930 [info ] [MainThread]: 
[0m23:39:22.829200 [info ] [MainThread]: Finished running 1 seed, 2 table models, 7 data tests, 3 view models in 0 hours 0 minutes and 7.78 seconds (7.78s).
[0m23:39:22.830225 [debug] [MainThread]: Command end result
[0m23:39:22.854989 [debug] [MainThread]: Wrote artifact WritableManifest to /Users/krishna/Krishna/firmable-sales-intel/snowflake/dbt_firmable/target/manifest.json
[0m23:39:22.856459 [debug] [MainThread]: Wrote artifact SemanticManifest to /Users/krishna/Krishna/firmable-sales-intel/snowflake/dbt_firmable/target/semantic_manifest.json
[0m23:39:22.857951 [debug] [MainThread]: Wrote artifact OsiDocument to /Users/krishna/Krishna/firmable-sales-intel/snowflake/dbt_firmable/target/osi_document.json
[0m23:39:22.861228 [debug] [MainThread]: Wrote artifact RunExecutionResult to /Users/krishna/Krishna/firmable-sales-intel/snowflake/dbt_firmable/target/run_results.json
[0m23:39:22.861382 [info ] [MainThread]: 
[0m23:39:22.861535 [info ] [MainThread]: [31mCompleted with 1 error, 0 partial successes, and 0 warnings:[0m
[0m23:39:22.861667 [info ] [MainThread]: 
[0m23:39:22.861831 [error] [MainThread]: [[31mERROR[0m]: in test not_null_stg_services_ip (models/staging/_staging.yml)
[0m23:39:22.861979 [error] [MainThread]:   Got 145 results, configured to fail if != 0
[0m23:39:22.862093 [info ] [MainThread]: 
[0m23:39:22.862229 [info ] [MainThread]:   compiled code at target/compiled/firmable/models/staging/_staging.yml/not_null_stg_services_ip.sql
[0m23:39:22.862352 [info ] [MainThread]: 
[0m23:39:22.862489 [info ] [MainThread]: Done. PASS=3 WARN=0 ERROR=1 SKIP=9 NO-OP=0 REUSED=0 TOTAL=13
[0m23:39:22.862713 [warn ] [MainThread]: [[33mWARNING[0m][DeprecationsSummary]: Deprecated functionality
Summary of encountered deprecations:
- MissingArgumentsPropertyInGenericTestDeprecation: 1 occurrence
To see all deprecation instances instead of just the first occurrence of each,
run command again with the `--show-all-deprecations` flag. You may also need to
run with `--no-partial-parse` as some deprecations are only encountered during
parsing.
[0m23:39:22.864948 [debug] [MainThread]: Resource report: {"command_name": "build", "command_success": false, "command_wall_clock_time": 8.97644, "process_in_blocks": "0", "process_kernel_time": 0.32275, "process_mem_max_rss": "202342400", "process_out_blocks": "0", "process_user_time": 3.789428}
[0m23:39:22.865234 [debug] [MainThread]: Command `dbt build` failed at 23:39:22.865196 after 8.98 seconds
[0m23:39:22.865403 [debug] [MainThread]: Sending event: {'category': 'dbt', 'action': 'invocation', 'label': 'end', 'context': [<snowplow_tracker.self_describing_json.SelfDescribingJson object at 0x10b4ae930>, <snowplow_tracker.self_describing_json.SelfDescribingJson object at 0x10e21a0f0>, <snowplow_tracker.self_describing_json.SelfDescribingJson object at 0x1084da060>]}
[0m23:39:22.865560 [debug] [MainThread]: Flushing usage events
[0m23:39:23.912697 [debug] [MainThread]: An error was encountered while trying to flush usage events
[0m23:41:01.766330 [debug] [MainThread]: Sending event: {'category': 'dbt', 'action': 'invocation', 'label': 'start', 'context': [<snowplow_tracker.self_describing_json.SelfDescribingJson object at 0x10b0ac950>, <snowplow_tracker.self_describing_json.SelfDescribingJson object at 0x10c29b260>, <snowplow_tracker.self_describing_json.SelfDescribingJson object at 0x10c29a8d0>]}


============================== 23:41:01.769322 | 931adced-1788-4711-bed3-3fb1f4a3645b ==============================
[0m23:41:01.769322 [info ] [MainThread]: Running with dbt=1.12.3
[0m23:41:01.769563 [debug] [MainThread]: running dbt with arguments {'empty': 'False', 'invocation_command': 'dbt build', 'no_print': 'None', 'log_cache_events': 'False', 'version_check': 'True', 'warn_error': 'None', 'indirect_selection': 'eager', 'warn_error_options': 'WarnErrorOptionsV2(error=[], warn=[], silence=[])', 'write_json': 'True', 'debug': 'False', 'log_path': '/Users/krishna/Krishna/firmable-sales-intel/snowflake/dbt_firmable/logs', 'log_format': 'default', 'cache_selected_only': 'False', 'introspect': 'True', 'use_experimental_parser': 'False', 'profiles_dir': '/Users/krishna/Krishna/firmable-sales-intel/snowflake/dbt_firmable', 'partial_parse': 'True', 'target_path': 'None', 'hints_enabled': 'True', 'fail_fast': 'False', 'maximum_seed_size_mib': '1', 'printer_width': '80', 'static_parser': 'True', 'quiet': 'False', 'use_colors': 'True', 'send_anonymous_usage_stats': 'True'}
[0m23:41:01.991486 [debug] [MainThread]: Snowflake adapter: Setting snowflake.connector to ERROR (file logging only)
[0m23:41:01.991714 [debug] [MainThread]: Snowflake adapter: Setting botocore to ERROR (file logging only)
[0m23:41:01.991832 [debug] [MainThread]: Snowflake adapter: Setting boto3 to ERROR (file logging only)
[0m23:41:02.081310 [debug] [MainThread]: Sending event: {'category': 'dbt', 'action': 'project_id', 'label': '931adced-1788-4711-bed3-3fb1f4a3645b', 'context': [<snowplow_tracker.self_describing_json.SelfDescribingJson object at 0x10ce14980>]}
[0m23:41:02.101435 [debug] [MainThread]: Sending event: {'category': 'dbt', 'action': 'adapter_info', 'label': '931adced-1788-4711-bed3-3fb1f4a3645b', 'context': [<snowplow_tracker.self_describing_json.SelfDescribingJson object at 0x10e3ea090>]}
[0m23:41:02.101962 [info ] [MainThread]: Registered adapter: snowflake=1.12.0
[0m23:41:02.153569 [debug] [MainThread]: checksum: 8487e5174d5455efc4b928c07eb71a3e9e5630edadff0c191384eeb740f408b7, vars: {}, profile: firmable, target: dev, version: 1.12.3
[0m23:41:02.241810 [debug] [MainThread]: Partial parsing enabled: 0 files deleted, 0 files added, 2 files changed.
[0m23:41:02.242191 [debug] [MainThread]: Partial parsing: updated file: firmable://models/marts/_marts.yml
[0m23:41:02.242379 [debug] [MainThread]: Partial parsing: updated file: firmable://models/staging/stg_services.sql
[0m23:41:02.445852 [debug] [MainThread]: Sending event: {'category': 'dbt', 'action': 'load_project', 'label': '931adced-1788-4711-bed3-3fb1f4a3645b', 'context': [<snowplow_tracker.self_describing_json.SelfDescribingJson object at 0x10ed217f0>]}
[0m23:41:02.522704 [debug] [MainThread]: Wrote artifact WritableManifest to /Users/krishna/Krishna/firmable-sales-intel/snowflake/dbt_firmable/target/manifest.json
[0m23:41:02.524403 [debug] [MainThread]: Wrote artifact SemanticManifest to /Users/krishna/Krishna/firmable-sales-intel/snowflake/dbt_firmable/target/semantic_manifest.json
[0m23:41:02.538708 [debug] [MainThread]: Wrote artifact OsiDocument to /Users/krishna/Krishna/firmable-sales-intel/snowflake/dbt_firmable/target/osi_document.json
[0m23:41:02.550898 [debug] [MainThread]: Sending event: {'category': 'dbt', 'action': 'resource_counts', 'label': '931adced-1788-4711-bed3-3fb1f4a3645b', 'context': [<snowplow_tracker.self_describing_json.SelfDescribingJson object at 0x10e84b5f0>]}
[0m23:41:02.551098 [info ] [MainThread]: Found 5 models, 1 seed, 7 data tests, 1 source, 545 macros
[0m23:41:02.551947 [info ] [MainThread]: 
[0m23:41:02.552074 [info ] [MainThread]: Concurrency: 4 threads (target='dev')
[0m23:41:02.552171 [info ] [MainThread]: 
[0m23:41:02.552356 [debug] [MainThread]: Acquiring new snowflake connection 'master'
[0m23:41:02.554121 [debug] [ThreadPool]: Acquiring new snowflake connection 'list_FIRMABLE'
[0m23:41:02.558249 [debug] [ThreadPool]: Acquiring new snowflake connection 'list_FIRMABLE'
[0m23:41:02.558719 [debug] [ThreadPool]: Acquiring new snowflake connection 'list_FIRMABLE'
[0m23:41:02.559220 [debug] [ThreadPool]: Acquiring new snowflake connection 'list_FIRMABLE'
[0m23:41:02.560536 [debug] [ThreadPool]: Using snowflake connection "list_FIRMABLE"
[0m23:41:02.560730 [debug] [ThreadPool]: Using snowflake connection "list_FIRMABLE"
[0m23:41:02.560889 [debug] [ThreadPool]: Using snowflake connection "list_FIRMABLE"
[0m23:41:02.561026 [debug] [ThreadPool]: On list_FIRMABLE: show terse schemas in database FIRMABLE
    limit 10000
/* {"app": "dbt", "dbt_version": "1.12.3", "profile_name": "firmable", "target_name": "dev", "connection_name": "list_FIRMABLE"} */
[0m23:41:02.561171 [debug] [ThreadPool]: Using snowflake connection "list_FIRMABLE"
[0m23:41:02.561290 [debug] [ThreadPool]: On list_FIRMABLE: show terse schemas in database FIRMABLE
    limit 10000
/* {"app": "dbt", "dbt_version": "1.12.3", "profile_name": "firmable", "target_name": "dev", "connection_name": "list_FIRMABLE"} */
[0m23:41:02.561410 [debug] [ThreadPool]: On list_FIRMABLE: show terse schemas in database FIRMABLE
    limit 10000
/* {"app": "dbt", "dbt_version": "1.12.3", "profile_name": "firmable", "target_name": "dev", "connection_name": "list_FIRMABLE"} */
[0m23:41:02.561521 [debug] [ThreadPool]: Opening a new connection, currently in state init
[0m23:41:02.561626 [debug] [ThreadPool]: On list_FIRMABLE: show terse schemas in database FIRMABLE
    limit 10000
/* {"app": "dbt", "dbt_version": "1.12.3", "profile_name": "firmable", "target_name": "dev", "connection_name": "list_FIRMABLE"} */
[0m23:41:02.561735 [debug] [ThreadPool]: Opening a new connection, currently in state init
[0m23:41:02.561834 [debug] [ThreadPool]: Opening a new connection, currently in state init
[0m23:41:02.561954 [debug] [ThreadPool]: Opening a new connection, currently in state init
[0m23:41:03.949588 [debug] [ThreadPool]: SQL status: SUCCESS 8 in 1.388 seconds
[0m23:41:03.951985 [debug] [ThreadPool]: On list_FIRMABLE: Close
[0m23:41:04.290732 [debug] [ThreadPool]: SQL status: SUCCESS 8 in 1.728 seconds
[0m23:41:04.294429 [debug] [ThreadPool]: On list_FIRMABLE: Close
[0m23:41:04.651630 [debug] [ThreadPool]: SQL status: SUCCESS 8 in 2.090 seconds
[0m23:41:04.654257 [debug] [ThreadPool]: On list_FIRMABLE: Close
[0m23:41:05.006951 [debug] [ThreadPool]: SQL status: SUCCESS 8 in 2.445 seconds
[0m23:41:05.009492 [debug] [ThreadPool]: On list_FIRMABLE: Close
[0m23:41:05.308387 [debug] [ThreadPool]: Re-using an available connection from the pool (formerly list_FIRMABLE, now list_FIRMABLE_dbt_staging)
[0m23:41:05.309363 [debug] [ThreadPool]: Re-using an available connection from the pool (formerly list_FIRMABLE, now list_FIRMABLE_dbt_marts)
[0m23:41:05.315685 [debug] [ThreadPool]: Re-using an available connection from the pool (formerly list_FIRMABLE, now list_FIRMABLE_dbt_seeds)
[0m23:41:05.325580 [debug] [ThreadPool]: Using snowflake connection "list_FIRMABLE_dbt_staging"
[0m23:41:05.327038 [debug] [ThreadPool]: Using snowflake connection "list_FIRMABLE_dbt_marts"
[0m23:41:05.327518 [debug] [ThreadPool]: Re-using an available connection from the pool (formerly list_FIRMABLE, now list_FIRMABLE_dbt_intermediate)
[0m23:41:05.328556 [debug] [ThreadPool]: Using snowflake connection "list_FIRMABLE_dbt_seeds"
[0m23:41:05.328828 [debug] [ThreadPool]: On list_FIRMABLE_dbt_staging: show objects in FIRMABLE.dbt_staging
    limit 10000
    

/* {"app": "dbt", "dbt_version": "1.12.3", "profile_name": "firmable", "target_name": "dev", "connection_name": "list_FIRMABLE_dbt_staging"} */;
[0m23:41:05.329055 [debug] [ThreadPool]: On list_FIRMABLE_dbt_marts: show objects in FIRMABLE.dbt_marts
    limit 10000
    

/* {"app": "dbt", "dbt_version": "1.12.3", "profile_name": "firmable", "target_name": "dev", "connection_name": "list_FIRMABLE_dbt_marts"} */;
[0m23:41:05.329929 [debug] [ThreadPool]: Using snowflake connection "list_FIRMABLE_dbt_intermediate"
[0m23:41:05.330255 [debug] [ThreadPool]: On list_FIRMABLE_dbt_seeds: show objects in FIRMABLE.dbt_seeds
    limit 10000
    

/* {"app": "dbt", "dbt_version": "1.12.3", "profile_name": "firmable", "target_name": "dev", "connection_name": "list_FIRMABLE_dbt_seeds"} */;
[0m23:41:05.330546 [debug] [ThreadPool]: Opening a new connection, currently in state closed
[0m23:41:05.330775 [debug] [ThreadPool]: Opening a new connection, currently in state closed
[0m23:41:05.330995 [debug] [ThreadPool]: On list_FIRMABLE_dbt_intermediate: show objects in FIRMABLE.dbt_intermediate
    limit 10000
    

/* {"app": "dbt", "dbt_version": "1.12.3", "profile_name": "firmable", "target_name": "dev", "connection_name": "list_FIRMABLE_dbt_intermediate"} */;
[0m23:41:05.331199 [debug] [ThreadPool]: Opening a new connection, currently in state closed
[0m23:41:05.331744 [debug] [ThreadPool]: Opening a new connection, currently in state closed
[0m23:41:06.339691 [debug] [ThreadPool]: SQL status: SUCCESS 1 in 1.009 seconds
[0m23:41:06.349637 [debug] [ThreadPool]: Using snowflake connection "list_FIRMABLE_dbt_staging"
[0m23:41:06.350261 [debug] [ThreadPool]: On list_FIRMABLE_dbt_staging: show user functions in FIRMABLE.dbt_staging
/* {"app": "dbt", "dbt_version": "1.12.3", "profile_name": "firmable", "target_name": "dev", "connection_name": "list_FIRMABLE_dbt_staging"} */
[0m23:41:06.390254 [debug] [ThreadPool]: SQL status: SUCCESS 0 in 1.059 seconds
[0m23:41:06.394869 [debug] [ThreadPool]: Using snowflake connection "list_FIRMABLE_dbt_marts"
[0m23:41:06.395450 [debug] [ThreadPool]: On list_FIRMABLE_dbt_marts: show user functions in FIRMABLE.dbt_marts
/* {"app": "dbt", "dbt_version": "1.12.3", "profile_name": "firmable", "target_name": "dev", "connection_name": "list_FIRMABLE_dbt_marts"} */
[0m23:41:06.408026 [debug] [ThreadPool]: SQL status: SUCCESS 0 in 1.076 seconds
[0m23:41:06.411832 [debug] [ThreadPool]: Using snowflake connection "list_FIRMABLE_dbt_intermediate"
[0m23:41:06.412273 [debug] [ThreadPool]: On list_FIRMABLE_dbt_intermediate: show user functions in FIRMABLE.dbt_intermediate
/* {"app": "dbt", "dbt_version": "1.12.3", "profile_name": "firmable", "target_name": "dev", "connection_name": "list_FIRMABLE_dbt_intermediate"} */
[0m23:41:06.415507 [debug] [ThreadPool]: SQL status: SUCCESS 1 in 1.084 seconds
[0m23:41:06.419119 [debug] [ThreadPool]: Using snowflake connection "list_FIRMABLE_dbt_seeds"
[0m23:41:06.419620 [debug] [ThreadPool]: On list_FIRMABLE_dbt_seeds: show user functions in FIRMABLE.dbt_seeds
/* {"app": "dbt", "dbt_version": "1.12.3", "profile_name": "firmable", "target_name": "dev", "connection_name": "list_FIRMABLE_dbt_seeds"} */
[0m23:41:06.544640 [debug] [ThreadPool]: SQL status: SUCCESS 0 in 0.149 seconds
[0m23:41:06.547237 [debug] [ThreadPool]: On list_FIRMABLE_dbt_marts: Close
[0m23:41:06.584668 [debug] [ThreadPool]: SQL status: SUCCESS 0 in 0.172 seconds
[0m23:41:06.585897 [debug] [ThreadPool]: SQL status: SUCCESS 0 in 0.235 seconds
[0m23:41:06.587822 [debug] [ThreadPool]: On list_FIRMABLE_dbt_intermediate: Close
[0m23:41:06.589734 [debug] [ThreadPool]: On list_FIRMABLE_dbt_staging: Close
[0m23:41:06.595645 [debug] [ThreadPool]: SQL status: SUCCESS 0 in 0.176 seconds
[0m23:41:06.597778 [debug] [ThreadPool]: On list_FIRMABLE_dbt_seeds: Close
[0m23:41:06.887272 [debug] [MainThread]: Sending event: {'category': 'dbt', 'action': 'runnable_timing', 'label': '931adced-1788-4711-bed3-3fb1f4a3645b', 'context': [<snowplow_tracker.self_describing_json.SelfDescribingJson object at 0x10e2d8920>]}
[0m23:41:06.892224 [debug] [Thread-10 ]: Began running node model.firmable.stg_services
[0m23:41:06.893116 [debug] [Thread-11 ]: Began running node seed.firmable.infra_domains
[0m23:41:06.894278 [info ] [Thread-10 ]: 1 of 13 START sql view model dbt_staging.stg_services .......................... [RUN]
[0m23:41:06.895067 [info ] [Thread-11 ]: 2 of 13 START seed file dbt_seeds.infra_domains ................................ [RUN]
[0m23:41:06.895641 [debug] [Thread-10 ]: Re-using an available connection from the pool (formerly list_FIRMABLE_dbt_staging, now model.firmable.stg_services)
[0m23:41:06.895970 [debug] [Thread-11 ]: Re-using an available connection from the pool (formerly list_FIRMABLE_dbt_marts, now seed.firmable.infra_domains)
[0m23:41:06.896307 [debug] [Thread-10 ]: Began compiling node model.firmable.stg_services
[0m23:41:06.896551 [debug] [Thread-11 ]: Began compiling node seed.firmable.infra_domains
[0m23:41:06.902249 [debug] [Thread-10 ]: Writing injected SQL for node "model.firmable.stg_services"
[0m23:41:06.902616 [debug] [Thread-11 ]: Began executing node seed.firmable.infra_domains
[0m23:41:06.915752 [debug] [Thread-10 ]: Began executing node model.firmable.stg_services
[0m23:41:06.939152 [debug] [Thread-10 ]: Writing runtime sql for node "model.firmable.stg_services"
[0m23:41:06.940857 [debug] [Thread-11 ]: Using snowflake connection "seed.firmable.infra_domains"
[0m23:41:06.941191 [debug] [Thread-11 ]: On seed.firmable.infra_domains: BEGIN
/* {"app": "dbt", "dbt_version": "1.12.3", "profile_name": "firmable", "target_name": "dev", "node_id": "seed.firmable.infra_domains"} */
[0m23:41:06.941413 [debug] [Thread-11 ]: Opening a new connection, currently in state closed
[0m23:41:06.942295 [debug] [Thread-10 ]: Using snowflake connection "model.firmable.stg_services"
[0m23:41:06.942524 [debug] [Thread-10 ]: On model.firmable.stg_services: create or replace   view FIRMABLE.dbt_staging.stg_services
  
  
  
  
  as (
    -- One clean, typed row per scanned service (IP:port observation).
-- Unpacks the raw Shodan VARIANT. Kept as a view: cheap, always fresh.
with raw as (
    select v from FIRMABLE.RAW.scans
)
select
    coalesce(v:ip_str::string, v:ipv6::string)         as ip,
    (v:ipv6 is not null)                               as is_ipv6,
    v:port::int                                        as port,
    v:transport::string                                as transport,
    v:asn::string                                      as asn,
    v:org::string                                      as org,
    v:isp::string                                      as isp,
    v:_shodan:module::string                           as scan_module,
    v:timestamp::timestamp_ntz                         as observed_at,

    -- geo
    v:location:country_code::string                    as country_code,
    v:location:country_name::string                    as country_name,
    v:location:city::string                            as city,

    -- identity arrays (used downstream for entity resolution)
    v:domains                                          as domains,
    v:hostnames                                        as hostnames,
    v:tags                                              as tags,

    -- software fingerprint
    v:product::string                                  as product,
    v:version::string                                  as version,
    v:cpe23                                            as cpe23,

    -- http
    v:http:status::int                                 as http_status,
    v:http:headers                                     as http_headers,
    v:http:title::string                               as http_title,

    -- tls
    (v:ssl is not null)                                as has_tls,
    v:ssl:versions                                     as tls_versions,
    v:ssl:cert:expired::boolean                        as cert_expired,

    -- vulnerabilities: Shodan exposes both a top-level `vulns` object and opts.vulns[]
    v:vulns                                            as vulns_obj,
    v:opts:vulns                                        as opts_vulns,

    -- raw banner (free text) — the LLM reads this when structured fields are absent
    v:data::string                                     as banner,
    v                                                  as raw
from raw
-- Drop honeypots: decoy hosts, not real prospects.
where not array_contains('honeypot'::variant, v:tags)
  )
/* {"app": "dbt", "dbt_version": "1.12.3", "profile_name": "firmable", "target_name": "dev", "node_id": "model.firmable.stg_services"} */;
[0m23:41:06.942732 [debug] [Thread-10 ]: Opening a new connection, currently in state closed
[0m23:41:07.801963 [debug] [Thread-11 ]: SQL status: SUCCESS 1 in 0.860 seconds
[0m23:41:07.804364 [debug] [Thread-11 ]: Using snowflake connection "seed.firmable.infra_domains"
[0m23:41:07.804903 [debug] [Thread-11 ]: On seed.firmable.infra_domains: insert overwrite into FIRMABLE.dbt_seeds.infra_domains (domain) values
            (%s),(%s),(%s),(%s),(%s),(%s),(%s),(%s),(%s),(%s),(%s),(%s),(%s),(%s),(%s),(%s),(%s),(%s),(%s),(%s),(%s),(%s),(%s),(%s),(%s),(%s),(%s),(%s),(%s),(%s),(%s),(%s)
/* {"app": "dbt", "dbt_version": "1.12.3", "profile_name": "firmable", "target_name": "dev", "node_id": "seed.firmable.infra_domains"} */...
[0m23:41:08.335682 [debug] [Thread-10 ]: SQL status: SUCCESS 1 in 1.393 seconds
[0m23:41:08.363087 [debug] [Thread-10 ]: On model.firmable.stg_services: Close
[0m23:41:08.687384 [debug] [Thread-10 ]: Sending event: {'category': 'dbt', 'action': 'run_model', 'label': '931adced-1788-4711-bed3-3fb1f4a3645b', 'context': [<snowplow_tracker.self_describing_json.SelfDescribingJson object at 0x10c2c7650>]}
[0m23:41:08.688695 [info ] [Thread-10 ]: 1 of 13 OK created sql view model dbt_staging.stg_services ..................... [[32mSUCCESS 1[0m in 1.79s]
[0m23:41:08.689585 [debug] [Thread-10 ]: Finished running node model.firmable.stg_services
[0m23:41:08.690465 [debug] [Thread-13 ]: Began running node test.firmable.not_null_stg_services_ip.8138937272
[0m23:41:08.690903 [debug] [Thread-12 ]: Began running node test.firmable.not_null_stg_services_port.9bd90b647a
[0m23:41:08.691377 [info ] [Thread-13 ]: 3 of 13 START test not_null_stg_services_ip .................................... [RUN]
[0m23:41:08.691828 [info ] [Thread-12 ]: 4 of 13 START test not_null_stg_services_port .................................. [RUN]
[0m23:41:08.692424 [debug] [Thread-13 ]: Re-using an available connection from the pool (formerly list_FIRMABLE_dbt_intermediate, now test.firmable.not_null_stg_services_ip.8138937272)
[0m23:41:08.692845 [debug] [Thread-12 ]: Re-using an available connection from the pool (formerly list_FIRMABLE_dbt_seeds, now test.firmable.not_null_stg_services_port.9bd90b647a)
[0m23:41:08.693177 [debug] [Thread-13 ]: Began compiling node test.firmable.not_null_stg_services_ip.8138937272
[0m23:41:08.693476 [debug] [Thread-12 ]: Began compiling node test.firmable.not_null_stg_services_port.9bd90b647a
[0m23:41:08.705673 [debug] [Thread-13 ]: Writing injected SQL for node "test.firmable.not_null_stg_services_ip.8138937272"
[0m23:41:08.710429 [debug] [Thread-12 ]: Writing injected SQL for node "test.firmable.not_null_stg_services_port.9bd90b647a"
[0m23:41:08.711465 [debug] [Thread-12 ]: Began executing node test.firmable.not_null_stg_services_port.9bd90b647a
[0m23:41:08.711725 [debug] [Thread-13 ]: Began executing node test.firmable.not_null_stg_services_ip.8138937272
[0m23:41:08.722849 [debug] [Thread-12 ]: Writing runtime sql for node "test.firmable.not_null_stg_services_port.9bd90b647a"
[0m23:41:08.723883 [debug] [Thread-13 ]: Writing runtime sql for node "test.firmable.not_null_stg_services_ip.8138937272"
[0m23:41:08.724406 [debug] [Thread-12 ]: Using snowflake connection "test.firmable.not_null_stg_services_port.9bd90b647a"
[0m23:41:08.724639 [debug] [Thread-12 ]: On test.firmable.not_null_stg_services_port.9bd90b647a: select
      count(*) as failures,
      count(*) != 0 as should_warn,
      count(*) != 0 as should_error
    from (
      
    
  
    
    



select port
from FIRMABLE.dbt_staging.stg_services
where port is null



  
  
      
    ) dbt_internal_test
/* {"app": "dbt", "dbt_version": "1.12.3", "profile_name": "firmable", "target_name": "dev", "node_id": "test.firmable.not_null_stg_services_port.9bd90b647a"} */
[0m23:41:08.725081 [debug] [Thread-13 ]: Using snowflake connection "test.firmable.not_null_stg_services_ip.8138937272"
[0m23:41:08.725459 [debug] [Thread-12 ]: Opening a new connection, currently in state closed
[0m23:41:08.725668 [debug] [Thread-13 ]: On test.firmable.not_null_stg_services_ip.8138937272: select
      count(*) as failures,
      count(*) != 0 as should_warn,
      count(*) != 0 as should_error
    from (
      
    
  
    
    



select ip
from FIRMABLE.dbt_staging.stg_services
where ip is null



  
  
      
    ) dbt_internal_test
/* {"app": "dbt", "dbt_version": "1.12.3", "profile_name": "firmable", "target_name": "dev", "node_id": "test.firmable.not_null_stg_services_ip.8138937272"} */
[0m23:41:08.726088 [debug] [Thread-11 ]: SQL status: SUCCESS 32 in 0.921 seconds
[0m23:41:08.726322 [debug] [Thread-13 ]: Opening a new connection, currently in state closed
[0m23:41:08.726560 [debug] [Thread-11 ]: Using snowflake connection "seed.firmable.infra_domains"
[0m23:41:08.726810 [debug] [Thread-11 ]: On seed.firmable.infra_domains: COMMIT
/* {"app": "dbt", "dbt_version": "1.12.3", "profile_name": "firmable", "target_name": "dev", "node_id": "seed.firmable.infra_domains"} */
[0m23:41:09.527154 [debug] [Thread-11 ]: SQL status: SUCCESS 1 in 0.800 seconds
[0m23:41:09.536421 [debug] [Thread-11 ]: Writing runtime SQL for node "seed.firmable.infra_domains"
[0m23:41:09.541878 [debug] [Thread-11 ]: On seed.firmable.infra_domains: Close
[0m23:41:09.697126 [debug] [Thread-12 ]: SQL status: SUCCESS 1 in 0.971 seconds
[0m23:41:09.705653 [debug] [Thread-12 ]: On test.firmable.not_null_stg_services_port.9bd90b647a: Close
[0m23:41:09.733371 [debug] [Thread-13 ]: SQL status: SUCCESS 1 in 1.007 seconds
[0m23:41:09.737419 [debug] [Thread-13 ]: On test.firmable.not_null_stg_services_ip.8138937272: Close
[0m23:41:09.805584 [debug] [Thread-11 ]: Sending event: {'category': 'dbt', 'action': 'run_model', 'label': '931adced-1788-4711-bed3-3fb1f4a3645b', 'context': [<snowplow_tracker.self_describing_json.SelfDescribingJson object at 0x10921b290>]}
[0m23:41:09.806700 [info ] [Thread-11 ]: 2 of 13 OK loaded seed file dbt_seeds.infra_domains ............................ [[32mINSERT 32[0m in 2.91s]
[0m23:41:09.807501 [debug] [Thread-11 ]: Finished running node seed.firmable.infra_domains
[0m23:41:09.922942 [info ] [Thread-12 ]: 4 of 13 PASS not_null_stg_services_port ........................................ [[32mPASS[0m in 1.23s]
[0m23:41:09.924080 [debug] [Thread-12 ]: Finished running node test.firmable.not_null_stg_services_port.9bd90b647a
[0m23:41:09.988186 [info ] [Thread-13 ]: 3 of 13 PASS not_null_stg_services_ip .......................................... [[32mPASS[0m in 1.30s]
[0m23:41:09.989353 [debug] [Thread-13 ]: Finished running node test.firmable.not_null_stg_services_ip.8138937272
[0m23:41:09.990730 [debug] [Thread-10 ]: Began running node model.firmable.int_service_signals
[0m23:41:09.991603 [info ] [Thread-10 ]: 5 of 13 START sql view model dbt_intermediate.int_service_signals .............. [RUN]
[0m23:41:09.992555 [debug] [Thread-10 ]: Re-using an available connection from the pool (formerly model.firmable.stg_services, now model.firmable.int_service_signals)
[0m23:41:09.993050 [debug] [Thread-10 ]: Began compiling node model.firmable.int_service_signals
[0m23:41:09.996337 [debug] [Thread-10 ]: Writing injected SQL for node "model.firmable.int_service_signals"
[0m23:41:09.997923 [debug] [Thread-10 ]: Began executing node model.firmable.int_service_signals
[0m23:41:10.002000 [debug] [Thread-10 ]: Writing runtime sql for node "model.firmable.int_service_signals"
[0m23:41:10.004764 [debug] [Thread-10 ]: Using snowflake connection "model.firmable.int_service_signals"
[0m23:41:10.005211 [debug] [Thread-10 ]: On model.firmable.int_service_signals: create or replace   view FIRMABLE.dbt_intermediate.int_service_signals
  
  
  
  
  as (
    -- Per-service security findings. This is the DETERMINISTIC signal layer (the "rules"
-- half of the rule-vs-LLM split), expressed as SQL so it scales to the full 74GB.
with s as (
    select * from FIRMABLE.dbt_staging.stg_services
),
enriched as (
    select
        *,
        -- CVE ids come from two Shodan locations; union + de-dupe.
        array_distinct(array_cat(
            coalesce(object_keys(vulns_obj), array_construct()),
            coalesce(opts_vulns, array_construct())
        ))                                                              as cve_ids,
        -- lowercased, comma-joined header keys for case-insensitive presence checks
        lower(coalesce(array_to_string(object_keys(http_headers), ','), '')) as hdr_keys
    from s
)
select
    ip, port, transport, org, isp, asn,
    country_code, country_name, city,
    domains, hostnames, tags, product, version, banner, observed_at,

    array_size(cve_ids)                                         as cve_count,
    (array_size(cve_ids) > 0)                                   as has_known_cve,
    cve_ids,

    array_contains('eol-product'::variant, tags)               as is_eol,
    array_contains('self-signed'::variant, tags)               as is_self_signed,
    array_contains('vpn'::variant, tags)                       as is_vpn,
    array_contains('iot'::variant, tags)                       as is_iot,

    -- exposed sensitive services
    (array_contains('database'::variant, tags)
        or port in (3306,5432,27017,6379,9200,1433,5984,11211,9042,7000,8123)
        or product ilike any ('%mysql%','%mongo%','%redis%','%elastic%','%postgres%','%cassandra%')
    )                                                          as exposed_database,
    (port in (3389,23,5900,21))                                as exposed_remote_access,  -- RDP/telnet/VNC/FTP

    -- weak transport security
    has_tls,
    (array_contains('TLSv1'::variant, tls_versions)
        or array_contains('TLSv1.1'::variant, tls_versions)
        or array_contains('SSLv3'::variant, tls_versions)
        or array_contains('SSLv2'::variant, tls_versions))     as weak_tls,
    coalesce(cert_expired, false)                              as cert_expired,

    -- missing HTTP security headers (only meaningful for http services)
    (http_status is not null)                                  as is_http,
    iff(http_status is not null and hdr_keys not like '%strict-transport-security%', 1, 0) as missing_hsts,
    iff(http_status is not null and hdr_keys not like '%content-security-policy%',   1, 0) as missing_csp,
    iff(http_status is not null and hdr_keys not like '%x-frame-options%',           1, 0) as missing_xfo,
    iff(http_status is not null and hdr_keys not like '%x-content-type-options%',    1, 0) as missing_xcto
from enriched
  )
/* {"app": "dbt", "dbt_version": "1.12.3", "profile_name": "firmable", "target_name": "dev", "node_id": "model.firmable.int_service_signals"} */;
[0m23:41:10.005611 [debug] [Thread-10 ]: Opening a new connection, currently in state closed
[0m23:41:11.135154 [debug] [Thread-10 ]: SQL status: SUCCESS 1 in 1.129 seconds
[0m23:41:11.139762 [debug] [Thread-10 ]: On model.firmable.int_service_signals: Close
[0m23:41:11.361498 [debug] [Thread-10 ]: Sending event: {'category': 'dbt', 'action': 'run_model', 'label': '931adced-1788-4711-bed3-3fb1f4a3645b', 'context': [<snowplow_tracker.self_describing_json.SelfDescribingJson object at 0x114037170>]}
[0m23:41:11.362921 [info ] [Thread-10 ]: 5 of 13 OK created sql view model dbt_intermediate.int_service_signals ......... [[32mSUCCESS 1[0m in 1.37s]
[0m23:41:11.363881 [debug] [Thread-10 ]: Finished running node model.firmable.int_service_signals
[0m23:41:11.365034 [debug] [Thread-12 ]: Began running node model.firmable.int_service_company
[0m23:41:11.365578 [info ] [Thread-12 ]: 6 of 13 START sql view model dbt_intermediate.int_service_company .............. [RUN]
[0m23:41:11.366146 [debug] [Thread-12 ]: Re-using an available connection from the pool (formerly test.firmable.not_null_stg_services_port.9bd90b647a, now model.firmable.int_service_company)
[0m23:41:11.366501 [debug] [Thread-12 ]: Began compiling node model.firmable.int_service_company
[0m23:41:11.369462 [debug] [Thread-12 ]: Writing injected SQL for node "model.firmable.int_service_company"
[0m23:41:11.370373 [debug] [Thread-12 ]: Began executing node model.firmable.int_service_company
[0m23:41:11.373283 [debug] [Thread-12 ]: Writing runtime sql for node "model.firmable.int_service_company"
[0m23:41:11.374682 [debug] [Thread-12 ]: Using snowflake connection "model.firmable.int_service_company"
[0m23:41:11.375047 [debug] [Thread-12 ]: On model.firmable.int_service_company: create or replace   view FIRMABLE.dbt_intermediate.int_service_company
  
  
  
  
  as (
    -- Entity resolution: attribute each scanned service to a single "company", proxied by
-- its primary registrable domain. Infra/CDN/hosting domains are excluded (they are the
-- host, not the customer). Services with no attributable domain drop out (unattributed).
with svc as (
    select * from FIRMABLE.dbt_intermediate.int_service_signals
),
exploded as (
    select svc.*, d.value::string as domain
    from svc, lateral flatten(input => svc.domains) d
),
filtered as (
    select e.*
    from exploded e
    left join FIRMABLE.dbt_seeds.infra_domains infra
      on lower(e.domain) = lower(infra.domain)
    where e.domain is not null
      and infra.domain is null
),
ranked as (
    -- one domain per service: prefer the shortest (most registrable-looking) name
    select *,
           row_number() over (partition by ip, port order by length(domain), domain) as rn
    from filtered
)
select * exclude (rn, domain, domains, hostnames, tags, cve_ids, banner, version),
       domain as company_domain
from ranked
where rn = 1
  )
/* {"app": "dbt", "dbt_version": "1.12.3", "profile_name": "firmable", "target_name": "dev", "node_id": "model.firmable.int_service_company"} */;
[0m23:41:11.375363 [debug] [Thread-12 ]: Opening a new connection, currently in state closed
[0m23:41:12.512866 [debug] [Thread-12 ]: SQL status: SUCCESS 1 in 1.137 seconds
[0m23:41:12.518088 [debug] [Thread-12 ]: On model.firmable.int_service_company: Close
[0m23:41:12.705277 [debug] [Thread-12 ]: Sending event: {'category': 'dbt', 'action': 'run_model', 'label': '931adced-1788-4711-bed3-3fb1f4a3645b', 'context': [<snowplow_tracker.self_describing_json.SelfDescribingJson object at 0x114035610>]}
[0m23:41:12.706656 [info ] [Thread-12 ]: 6 of 13 OK created sql view model dbt_intermediate.int_service_company ......... [[32mSUCCESS 1[0m in 1.34s]
[0m23:41:12.707460 [debug] [Thread-12 ]: Finished running node model.firmable.int_service_company
[0m23:41:12.708525 [debug] [Thread-11 ]: Began running node model.firmable.dim_company
[0m23:41:12.709031 [debug] [Thread-10 ]: Began running node model.firmable.fct_account_score
[0m23:41:12.709669 [info ] [Thread-11 ]: 7 of 13 START sql table model dbt_marts.dim_company ............................ [RUN]
[0m23:41:12.710219 [info ] [Thread-10 ]: 8 of 13 START sql table model dbt_marts.fct_account_score ...................... [RUN]
[0m23:41:12.710827 [debug] [Thread-11 ]: Re-using an available connection from the pool (formerly seed.firmable.infra_domains, now model.firmable.dim_company)
[0m23:41:12.711249 [debug] [Thread-10 ]: Re-using an available connection from the pool (formerly model.firmable.int_service_signals, now model.firmable.fct_account_score)
[0m23:41:12.711595 [debug] [Thread-11 ]: Began compiling node model.firmable.dim_company
[0m23:41:12.711910 [debug] [Thread-10 ]: Began compiling node model.firmable.fct_account_score
[0m23:41:12.714880 [debug] [Thread-11 ]: Writing injected SQL for node "model.firmable.dim_company"
[0m23:41:12.717421 [debug] [Thread-10 ]: Writing injected SQL for node "model.firmable.fct_account_score"
[0m23:41:12.718534 [debug] [Thread-10 ]: Began executing node model.firmable.fct_account_score
[0m23:41:12.718878 [debug] [Thread-11 ]: Began executing node model.firmable.dim_company
[0m23:41:12.744997 [debug] [Thread-10 ]: Writing runtime sql for node "model.firmable.fct_account_score"
[0m23:41:12.745286 [debug] [Thread-11 ]: Writing runtime sql for node "model.firmable.dim_company"
[0m23:41:12.746161 [debug] [Thread-11 ]: Using snowflake connection "model.firmable.dim_company"
[0m23:41:12.747616 [debug] [Thread-10 ]: Using snowflake connection "model.firmable.fct_account_score"
[0m23:41:12.747839 [debug] [Thread-11 ]: On model.firmable.dim_company: create or replace transient table FIRMABLE.dbt_marts.dim_company
    
    
    
    
    

    as (-- One row per resolved company (by primary domain), with firmographic-style aggregates
-- derived purely from its observed internet footprint.
with s as (select * from FIRMABLE.dbt_intermediate.int_service_company)
select
    company_domain,
    count(distinct ip)                      as host_count,
    count(*)                                as service_count,
    count(distinct port)                    as distinct_ports,
    mode(country_code)                      as primary_country,
    mode(org)                               as primary_hosting_org,
    max(observed_at)                        as last_seen,
    case
        when count(distinct ip) >= 50 then 'enterprise'
        when count(distinct ip) >= 10 then 'mid'
        when count(distinct ip) >= 3  then 'small'
        else 'micro'
    end                                     as size_band
from s
group by 1
    )

/* {"app": "dbt", "dbt_version": "1.12.3", "profile_name": "firmable", "target_name": "dev", "node_id": "model.firmable.dim_company"} */;
[0m23:41:12.748133 [debug] [Thread-10 ]: On model.firmable.fct_account_score: create or replace transient table FIRMABLE.dbt_marts.fct_account_score
    
    
    
    
    

    as (-- The scored prospect table: one row per company, blending observed security RISK
-- ("need") with market FIT, into a 0-100 score and an A-D tier. All deterministic SQL,
-- so ranking is auditable and reproducible. Weights are dbt vars (see dbt_project.yml).
with s as (select * from FIRMABLE.dbt_intermediate.int_service_company),

agg as (
    select
        company_domain,
        count(distinct ip)                          as host_count,
        count(*)                                    as service_count,
        sum(cve_count)                              as total_cves,
        count_if(has_known_cve)                     as services_with_cve,
        count_if(is_eol)                            as eol_services,
        count_if(is_self_signed)                    as self_signed_services,
        count_if(exposed_database)                  as exposed_db_services,
        count_if(exposed_remote_access)             as exposed_remote_services,
        count_if(weak_tls)                          as weak_tls_services,
        count_if(cert_expired)                      as expired_cert_services,
        count_if(is_http)                           as http_services,
        sum(missing_hsts + missing_csp + missing_xfo + missing_xcto) as missing_header_points,
        mode(country_code)                          as primary_country
    from s
    group by 1
),

scored as (
    select
        *,
        -- header hygiene: fraction of the 4 key headers missing across http services (0..1)
        iff(http_services > 0, missing_header_points / (http_services * 4.0), 0) as missing_header_ratio,

        -- NEED (0-100): direct, evidence-based security risk
        least(100,
              total_cves               * 15
            + exposed_db_services       * 20
            + exposed_remote_services   * 8
            + eol_services              * 12
            + self_signed_services      * 5
            + weak_tls_services         * 5
            + expired_cert_services     * 8
            + iff(http_services > 0, missing_header_points / (http_services * 4.0) * 20, 0)
        ) as risk_score
    from agg
),

fit as (
    select
        *,
        -- market fit: in target geography + company size proxy
        100 * (
            0.5 * iff(primary_country in ('AU','NZ'), 1.0, 0.5)
          + 0.5 * case
                    when host_count >= 50 then 1.0
                    when host_count >= 10 then 0.9
                    when host_count >= 3  then 0.6
                    else 0.35
                  end
        ) as fit_score
    from scored
)

select
    company_domain,
    host_count, service_count, primary_country,
    total_cves, services_with_cve, exposed_db_services, exposed_remote_services,
    eol_services, self_signed_services, weak_tls_services, expired_cert_services,
    round(missing_header_ratio, 2)                          as missing_header_ratio,
    round(risk_score, 1)                                    as risk_score,
    round(fit_score, 1)                                     as fit_score,
    -- blended: need weighted above fit (the point is who needs it NOW)
    round(0.6 * risk_score + 0.4 * fit_score, 1)            as total_score,
    case
        when 0.6 * risk_score + 0.4 * fit_score >= 70 then 'A'
        when 0.6 * risk_score + 0.4 * fit_score >= 50 then 'B'
        when 0.6 * risk_score + 0.4 * fit_score >= 30 then 'C'
        else 'D'
    end                                                     as tier
from fit
    )

/* {"app": "dbt", "dbt_version": "1.12.3", "profile_name": "firmable", "target_name": "dev", "node_id": "model.firmable.fct_account_score"} */;
[0m23:41:12.748384 [debug] [Thread-11 ]: Opening a new connection, currently in state closed
[0m23:41:12.748544 [debug] [Thread-10 ]: Opening a new connection, currently in state closed
[0m23:41:14.813141 [debug] [Thread-10 ]: SQL status: SUCCESS 95 in 2.064 seconds
[0m23:41:14.817551 [debug] [Thread-10 ]: On model.firmable.fct_account_score: Close
[0m23:41:15.065961 [debug] [Thread-10 ]: Sending event: {'category': 'dbt', 'action': 'run_model', 'label': '931adced-1788-4711-bed3-3fb1f4a3645b', 'context': [<snowplow_tracker.self_describing_json.SelfDescribingJson object at 0x10ef51040>]}
[0m23:41:15.067390 [info ] [Thread-10 ]: 8 of 13 OK created sql table model dbt_marts.fct_account_score ................. [[32mSUCCESS 95[0m in 2.35s]
[0m23:41:15.068131 [debug] [Thread-10 ]: Finished running node model.firmable.fct_account_score
[0m23:41:15.068976 [debug] [Thread-12 ]: Began running node test.firmable.accepted_values_fct_account_score_tier__A__B__C__D.052c23e0a6
[0m23:41:15.069462 [debug] [Thread-13 ]: Began running node test.firmable.not_null_fct_account_score_company_domain.6f1b1f0c0d
[0m23:41:15.069884 [debug] [Thread-10 ]: Began running node test.firmable.unique_fct_account_score_company_domain.126f098f2e
[0m23:41:15.070297 [info ] [Thread-12 ]: 9 of 13 START test accepted_values_fct_account_score_tier__A__B__C__D .......... [RUN]
[0m23:41:15.070729 [info ] [Thread-13 ]: 10 of 13 START test not_null_fct_account_score_company_domain .................. [RUN]
[0m23:41:15.071123 [info ] [Thread-10 ]: 11 of 13 START test unique_fct_account_score_company_domain .................... [RUN]
[0m23:41:15.071670 [debug] [Thread-12 ]: Re-using an available connection from the pool (formerly model.firmable.int_service_company, now test.firmable.accepted_values_fct_account_score_tier__A__B__C__D.052c23e0a6)
[0m23:41:15.072136 [debug] [Thread-13 ]: Re-using an available connection from the pool (formerly test.firmable.not_null_stg_services_ip.8138937272, now test.firmable.not_null_fct_account_score_company_domain.6f1b1f0c0d)
[0m23:41:15.072575 [debug] [Thread-10 ]: Re-using an available connection from the pool (formerly model.firmable.fct_account_score, now test.firmable.unique_fct_account_score_company_domain.126f098f2e)
[0m23:41:15.072983 [debug] [Thread-12 ]: Began compiling node test.firmable.accepted_values_fct_account_score_tier__A__B__C__D.052c23e0a6
[0m23:41:15.073340 [debug] [Thread-13 ]: Began compiling node test.firmable.not_null_fct_account_score_company_domain.6f1b1f0c0d
[0m23:41:15.073682 [debug] [Thread-10 ]: Began compiling node test.firmable.unique_fct_account_score_company_domain.126f098f2e
[0m23:41:15.083233 [debug] [Thread-12 ]: Writing injected SQL for node "test.firmable.accepted_values_fct_account_score_tier__A__B__C__D.052c23e0a6"
[0m23:41:15.088612 [debug] [Thread-13 ]: Writing injected SQL for node "test.firmable.not_null_fct_account_score_company_domain.6f1b1f0c0d"
[0m23:41:15.094382 [debug] [Thread-10 ]: Writing injected SQL for node "test.firmable.unique_fct_account_score_company_domain.126f098f2e"
[0m23:41:15.095245 [debug] [Thread-10 ]: Began executing node test.firmable.unique_fct_account_score_company_domain.126f098f2e
[0m23:41:15.095511 [debug] [Thread-12 ]: Began executing node test.firmable.accepted_values_fct_account_score_tier__A__B__C__D.052c23e0a6
[0m23:41:15.095719 [debug] [Thread-13 ]: Began executing node test.firmable.not_null_fct_account_score_company_domain.6f1b1f0c0d
[0m23:41:15.096931 [debug] [Thread-10 ]: Writing runtime sql for node "test.firmable.unique_fct_account_score_company_domain.126f098f2e"
[0m23:41:15.098194 [debug] [Thread-12 ]: Writing runtime sql for node "test.firmable.accepted_values_fct_account_score_tier__A__B__C__D.052c23e0a6"
[0m23:41:15.099277 [debug] [Thread-13 ]: Writing runtime sql for node "test.firmable.not_null_fct_account_score_company_domain.6f1b1f0c0d"
[0m23:41:15.100239 [debug] [Thread-12 ]: Using snowflake connection "test.firmable.accepted_values_fct_account_score_tier__A__B__C__D.052c23e0a6"
[0m23:41:15.100488 [debug] [Thread-12 ]: On test.firmable.accepted_values_fct_account_score_tier__A__B__C__D.052c23e0a6: select
      count(*) as failures,
      count(*) != 0 as should_warn,
      count(*) != 0 as should_error
    from (
      
    
  
    
    

with all_values as (

    select
        tier as value_field,
        count(*) as n_records

    from FIRMABLE.dbt_marts.fct_account_score
    group by tier

)

select *
from all_values
where value_field not in (
    'A','B','C','D'
)



  
  
      
    ) dbt_internal_test
/* {"app": "dbt", "dbt_version": "1.12.3", "profile_name": "firmable", "target_name": "dev", "node_id": "test.firmable.accepted_values_fct_account_score_tier__A__B__C__D.052c23e0a6"} */
[0m23:41:15.100897 [debug] [Thread-13 ]: Using snowflake connection "test.firmable.not_null_fct_account_score_company_domain.6f1b1f0c0d"
[0m23:41:15.101343 [debug] [Thread-10 ]: Using snowflake connection "test.firmable.unique_fct_account_score_company_domain.126f098f2e"
[0m23:41:15.101533 [debug] [Thread-12 ]: Opening a new connection, currently in state closed
[0m23:41:15.101734 [debug] [Thread-13 ]: On test.firmable.not_null_fct_account_score_company_domain.6f1b1f0c0d: select
      count(*) as failures,
      count(*) != 0 as should_warn,
      count(*) != 0 as should_error
    from (
      
    
  
    
    



select company_domain
from FIRMABLE.dbt_marts.fct_account_score
where company_domain is null



  
  
      
    ) dbt_internal_test
/* {"app": "dbt", "dbt_version": "1.12.3", "profile_name": "firmable", "target_name": "dev", "node_id": "test.firmable.not_null_fct_account_score_company_domain.6f1b1f0c0d"} */
[0m23:41:15.101961 [debug] [Thread-10 ]: On test.firmable.unique_fct_account_score_company_domain.126f098f2e: select
      count(*) as failures,
      count(*) != 0 as should_warn,
      count(*) != 0 as should_error
    from (
      
    
  
    
    

select
    company_domain as unique_field,
    count(*) as n_records

from FIRMABLE.dbt_marts.fct_account_score
where company_domain is not null
group by company_domain
having count(*) > 1



  
  
      
    ) dbt_internal_test
/* {"app": "dbt", "dbt_version": "1.12.3", "profile_name": "firmable", "target_name": "dev", "node_id": "test.firmable.unique_fct_account_score_company_domain.126f098f2e"} */
[0m23:41:15.102208 [debug] [Thread-13 ]: Opening a new connection, currently in state closed
[0m23:41:15.102394 [debug] [Thread-10 ]: Opening a new connection, currently in state closed
[0m23:41:15.287022 [debug] [Thread-11 ]: SQL status: SUCCESS 95 in 2.539 seconds
[0m23:41:15.290236 [debug] [Thread-11 ]: On model.firmable.dim_company: Close
[0m23:41:15.556609 [debug] [Thread-11 ]: Sending event: {'category': 'dbt', 'action': 'run_model', 'label': '931adced-1788-4711-bed3-3fb1f4a3645b', 'context': [<snowplow_tracker.self_describing_json.SelfDescribingJson object at 0x10e9f4b90>]}
[0m23:41:15.557270 [info ] [Thread-11 ]: 7 of 13 OK created sql table model dbt_marts.dim_company ....................... [[32mSUCCESS 95[0m in 2.85s]
[0m23:41:15.557703 [debug] [Thread-11 ]: Finished running node model.firmable.dim_company
[0m23:41:15.558142 [debug] [Thread-11 ]: Began running node test.firmable.not_null_dim_company_company_domain.d899546436
[0m23:41:15.558451 [info ] [Thread-11 ]: 12 of 13 START test not_null_dim_company_company_domain ........................ [RUN]
[0m23:41:15.558784 [debug] [Thread-11 ]: Re-using an available connection from the pool (formerly model.firmable.dim_company, now test.firmable.not_null_dim_company_company_domain.d899546436)
[0m23:41:15.559029 [debug] [Thread-11 ]: Began compiling node test.firmable.not_null_dim_company_company_domain.d899546436
[0m23:41:15.563890 [debug] [Thread-11 ]: Writing injected SQL for node "test.firmable.not_null_dim_company_company_domain.d899546436"
[0m23:41:15.565344 [debug] [Thread-11 ]: Began executing node test.firmable.not_null_dim_company_company_domain.d899546436
[0m23:41:15.566650 [debug] [Thread-11 ]: Writing runtime sql for node "test.firmable.not_null_dim_company_company_domain.d899546436"
[0m23:41:15.567459 [debug] [Thread-11 ]: Using snowflake connection "test.firmable.not_null_dim_company_company_domain.d899546436"
[0m23:41:15.567706 [debug] [Thread-11 ]: On test.firmable.not_null_dim_company_company_domain.d899546436: select
      count(*) as failures,
      count(*) != 0 as should_warn,
      count(*) != 0 as should_error
    from (
      
    
  
    
    



select company_domain
from FIRMABLE.dbt_marts.dim_company
where company_domain is null



  
  
      
    ) dbt_internal_test
/* {"app": "dbt", "dbt_version": "1.12.3", "profile_name": "firmable", "target_name": "dev", "node_id": "test.firmable.not_null_dim_company_company_domain.d899546436"} */
[0m23:41:15.567916 [debug] [Thread-11 ]: Opening a new connection, currently in state closed
[0m23:41:16.027730 [debug] [Thread-13 ]: SQL status: SUCCESS 1 in 0.925 seconds
[0m23:41:16.031226 [debug] [Thread-13 ]: On test.firmable.not_null_fct_account_score_company_domain.6f1b1f0c0d: Close
[0m23:41:16.047265 [debug] [Thread-12 ]: SQL status: SUCCESS 1 in 0.945 seconds
[0m23:41:16.050613 [debug] [Thread-12 ]: On test.firmable.accepted_values_fct_account_score_tier__A__B__C__D.052c23e0a6: Close
[0m23:41:16.117917 [debug] [Thread-10 ]: SQL status: SUCCESS 1 in 1.015 seconds
[0m23:41:16.121563 [debug] [Thread-10 ]: On test.firmable.unique_fct_account_score_company_domain.126f098f2e: Close
[0m23:41:16.223023 [info ] [Thread-13 ]: 10 of 13 PASS not_null_fct_account_score_company_domain ........................ [[32mPASS[0m in 1.15s]
[0m23:41:16.224038 [debug] [Thread-13 ]: Finished running node test.firmable.not_null_fct_account_score_company_domain.6f1b1f0c0d
[0m23:41:16.224669 [debug] [Thread-13 ]: Began running node test.firmable.unique_dim_company_company_domain.7e87da9fba
[0m23:41:16.225167 [info ] [Thread-13 ]: 13 of 13 START test unique_dim_company_company_domain .......................... [RUN]
[0m23:41:16.225745 [debug] [Thread-13 ]: Re-using an available connection from the pool (formerly test.firmable.not_null_fct_account_score_company_domain.6f1b1f0c0d, now test.firmable.unique_dim_company_company_domain.7e87da9fba)
[0m23:41:16.226111 [debug] [Thread-13 ]: Began compiling node test.firmable.unique_dim_company_company_domain.7e87da9fba
[0m23:41:16.234135 [debug] [Thread-13 ]: Writing injected SQL for node "test.firmable.unique_dim_company_company_domain.7e87da9fba"
[0m23:41:16.236029 [debug] [Thread-13 ]: Began executing node test.firmable.unique_dim_company_company_domain.7e87da9fba
[0m23:41:16.236540 [info ] [Thread-12 ]: 9 of 13 PASS accepted_values_fct_account_score_tier__A__B__C__D ................ [[32mPASS[0m in 1.16s]
[0m23:41:16.238169 [debug] [Thread-13 ]: Writing runtime sql for node "test.firmable.unique_dim_company_company_domain.7e87da9fba"
[0m23:41:16.238560 [debug] [Thread-12 ]: Finished running node test.firmable.accepted_values_fct_account_score_tier__A__B__C__D.052c23e0a6
[0m23:41:16.239601 [debug] [Thread-13 ]: Using snowflake connection "test.firmable.unique_dim_company_company_domain.7e87da9fba"
[0m23:41:16.239876 [debug] [Thread-13 ]: On test.firmable.unique_dim_company_company_domain.7e87da9fba: select
      count(*) as failures,
      count(*) != 0 as should_warn,
      count(*) != 0 as should_error
    from (
      
    
  
    
    

select
    company_domain as unique_field,
    count(*) as n_records

from FIRMABLE.dbt_marts.dim_company
where company_domain is not null
group by company_domain
having count(*) > 1



  
  
      
    ) dbt_internal_test
/* {"app": "dbt", "dbt_version": "1.12.3", "profile_name": "firmable", "target_name": "dev", "node_id": "test.firmable.unique_dim_company_company_domain.7e87da9fba"} */
[0m23:41:16.240107 [debug] [Thread-13 ]: Opening a new connection, currently in state closed
[0m23:41:16.311659 [info ] [Thread-10 ]: 11 of 13 PASS unique_fct_account_score_company_domain .......................... [[32mPASS[0m in 1.24s]
[0m23:41:16.311877 [debug] [Thread-10 ]: Finished running node test.firmable.unique_fct_account_score_company_domain.126f098f2e
[0m23:41:16.363424 [debug] [Thread-11 ]: SQL status: SUCCESS 1 in 0.795 seconds
[0m23:41:16.364357 [debug] [Thread-11 ]: On test.firmable.not_null_dim_company_company_domain.d899546436: Close
[0m23:41:16.571623 [info ] [Thread-11 ]: 12 of 13 PASS not_null_dim_company_company_domain .............................. [[32mPASS[0m in 1.01s]
[0m23:41:16.572676 [debug] [Thread-11 ]: Finished running node test.firmable.not_null_dim_company_company_domain.d899546436
[0m23:41:16.947292 [debug] [Thread-13 ]: SQL status: SUCCESS 1 in 0.707 seconds
[0m23:41:16.951103 [debug] [Thread-13 ]: On test.firmable.unique_dim_company_company_domain.7e87da9fba: Close
[0m23:41:17.138158 [info ] [Thread-13 ]: 13 of 13 PASS unique_dim_company_company_domain ................................ [[32mPASS[0m in 0.91s]
[0m23:41:17.139245 [debug] [Thread-13 ]: Finished running node test.firmable.unique_dim_company_company_domain.7e87da9fba
[0m23:41:17.141438 [debug] [MainThread]: Connection 'master' was properly closed.
[0m23:41:17.141951 [debug] [MainThread]: Connection 'test.firmable.unique_fct_account_score_company_domain.126f098f2e' was properly closed.
[0m23:41:17.142240 [debug] [MainThread]: Connection 'test.firmable.not_null_dim_company_company_domain.d899546436' was properly closed.
[0m23:41:17.142476 [debug] [MainThread]: Connection 'test.firmable.accepted_values_fct_account_score_tier__A__B__C__D.052c23e0a6' was properly closed.
[0m23:41:17.142700 [debug] [MainThread]: Connection 'test.firmable.unique_dim_company_company_domain.7e87da9fba' was properly closed.
[0m23:41:17.143114 [info ] [MainThread]: 
[0m23:41:17.143461 [info ] [MainThread]: Finished running 1 seed, 2 table models, 7 data tests, 3 view models in 0 hours 0 minutes and 14.59 seconds (14.59s).
[0m23:41:17.145381 [debug] [MainThread]: Command end result
[0m23:41:17.173894 [debug] [MainThread]: Wrote artifact WritableManifest to /Users/krishna/Krishna/firmable-sales-intel/snowflake/dbt_firmable/target/manifest.json
[0m23:41:17.176066 [debug] [MainThread]: Wrote artifact SemanticManifest to /Users/krishna/Krishna/firmable-sales-intel/snowflake/dbt_firmable/target/semantic_manifest.json
[0m23:41:17.177485 [debug] [MainThread]: Wrote artifact OsiDocument to /Users/krishna/Krishna/firmable-sales-intel/snowflake/dbt_firmable/target/osi_document.json
[0m23:41:17.181369 [debug] [MainThread]: Wrote artifact RunExecutionResult to /Users/krishna/Krishna/firmable-sales-intel/snowflake/dbt_firmable/target/run_results.json
[0m23:41:17.181546 [info ] [MainThread]: 
[0m23:41:17.181729 [info ] [MainThread]: [32mCompleted successfully[0m
[0m23:41:17.181875 [info ] [MainThread]: 
[0m23:41:17.182028 [info ] [MainThread]: Done. PASS=13 WARN=0 ERROR=0 SKIP=0 NO-OP=0 REUSED=0 TOTAL=13
[0m23:41:17.184363 [debug] [MainThread]: Resource report: {"command_name": "build", "command_success": true, "command_wall_clock_time": 15.452492, "process_in_blocks": "0", "process_kernel_time": 0.334113, "process_mem_max_rss": "199163904", "process_out_blocks": "0", "process_user_time": 4.121866}
[0m23:41:17.184681 [debug] [MainThread]: Command `dbt build` succeeded at 23:41:17.184639 after 15.45 seconds
[0m23:41:17.184862 [debug] [MainThread]: Sending event: {'category': 'dbt', 'action': 'invocation', 'label': 'end', 'context': [<snowplow_tracker.self_describing_json.SelfDescribingJson object at 0x10b0ac950>, <snowplow_tracker.self_describing_json.SelfDescribingJson object at 0x10ef525a0>, <snowplow_tracker.self_describing_json.SelfDescribingJson object at 0x10ef500b0>]}
[0m23:41:17.185032 [debug] [MainThread]: Flushing usage events
[0m23:41:18.559389 [debug] [MainThread]: An error was encountered while trying to flush usage events
[0m23:41:19.635667 [debug] [MainThread]: Sending event: {'category': 'dbt', 'action': 'invocation', 'label': 'start', 'context': [<snowplow_tracker.self_describing_json.SelfDescribingJson object at 0x10da444d0>, <snowplow_tracker.self_describing_json.SelfDescribingJson object at 0x10da932c0>, <snowplow_tracker.self_describing_json.SelfDescribingJson object at 0x10da92ea0>]}


============================== 23:41:19.638598 | 88378467-bd18-40fb-acfc-c548dda34e3f ==============================
[0m23:41:19.638598 [info ] [MainThread]: Running with dbt=1.12.3
[0m23:41:19.638822 [debug] [MainThread]: running dbt with arguments {'fail_fast': 'False', 'target_path': 'None', 'version_check': 'True', 'warn_error_options': 'WarnErrorOptionsV2(error=[], warn=[], silence=[])', 'quiet': 'False', 'log_format': 'default', 'indirect_selection': 'eager', 'printer_width': '80', 'introspect': 'True', 'static_parser': 'True', 'use_colors': 'True', 'hints_enabled': 'True', 'log_path': '/Users/krishna/Krishna/firmable-sales-intel/snowflake/dbt_firmable/logs', 'invocation_command': 'dbt build', 'profiles_dir': '/Users/krishna/Krishna/firmable-sales-intel/snowflake/dbt_firmable', 'send_anonymous_usage_stats': 'True', 'warn_error': 'None', 'maximum_seed_size_mib': '1', 'debug': 'False', 'write_json': 'True', 'cache_selected_only': 'False', 'no_print': 'None', 'log_cache_events': 'False', 'use_experimental_parser': 'False', 'empty': 'False', 'partial_parse': 'True'}
[0m23:41:19.834532 [debug] [MainThread]: Snowflake adapter: Setting snowflake.connector to ERROR (file logging only)
[0m23:41:19.834793 [debug] [MainThread]: Snowflake adapter: Setting botocore to ERROR (file logging only)
[0m23:41:19.834909 [debug] [MainThread]: Snowflake adapter: Setting boto3 to ERROR (file logging only)
[0m23:41:19.917336 [debug] [MainThread]: Sending event: {'category': 'dbt', 'action': 'project_id', 'label': '88378467-bd18-40fb-acfc-c548dda34e3f', 'context': [<snowplow_tracker.self_describing_json.SelfDescribingJson object at 0x10440ed20>]}
[0m23:41:19.938334 [debug] [MainThread]: Sending event: {'category': 'dbt', 'action': 'adapter_info', 'label': '88378467-bd18-40fb-acfc-c548dda34e3f', 'context': [<snowplow_tracker.self_describing_json.SelfDescribingJson object at 0x10f58a000>]}
[0m23:41:19.938963 [info ] [MainThread]: Registered adapter: snowflake=1.12.0
[0m23:41:19.989451 [debug] [MainThread]: checksum: 8487e5174d5455efc4b928c07eb71a3e9e5630edadff0c191384eeb740f408b7, vars: {}, profile: firmable, target: dev, version: 1.12.3
[0m23:41:20.075170 [debug] [MainThread]: Partial parsing enabled: 0 files deleted, 0 files added, 0 files changed.
[0m23:41:20.075354 [debug] [MainThread]: Nothing changed, skipping partial parsing.
[0m23:41:20.075457 [debug] [MainThread]: Partial parsing enabled, no changes found, skipping parsing
[0m23:41:20.078913 [debug] [MainThread]: Sending event: {'category': 'dbt', 'action': 'load_project', 'label': '88378467-bd18-40fb-acfc-c548dda34e3f', 'context': [<snowplow_tracker.self_describing_json.SelfDescribingJson object at 0x10dabcce0>]}
[0m23:41:20.136998 [debug] [MainThread]: Wrote artifact WritableManifest to /Users/krishna/Krishna/firmable-sales-intel/snowflake/dbt_firmable/target/manifest.json
[0m23:41:20.138545 [debug] [MainThread]: Wrote artifact SemanticManifest to /Users/krishna/Krishna/firmable-sales-intel/snowflake/dbt_firmable/target/semantic_manifest.json
[0m23:41:20.152181 [debug] [MainThread]: Wrote artifact OsiDocument to /Users/krishna/Krishna/firmable-sales-intel/snowflake/dbt_firmable/target/osi_document.json
[0m23:41:20.163712 [debug] [MainThread]: Sending event: {'category': 'dbt', 'action': 'resource_counts', 'label': '88378467-bd18-40fb-acfc-c548dda34e3f', 'context': [<snowplow_tracker.self_describing_json.SelfDescribingJson object at 0x10fcfde80>]}
[0m23:41:20.163909 [info ] [MainThread]: Found 5 models, 1 seed, 7 data tests, 1 source, 545 macros
[0m23:41:20.164807 [info ] [MainThread]: 
[0m23:41:20.164942 [info ] [MainThread]: Concurrency: 4 threads (target='dev')
[0m23:41:20.165037 [info ] [MainThread]: 
[0m23:41:20.165228 [debug] [MainThread]: Acquiring new snowflake connection 'master'
[0m23:41:20.166872 [debug] [ThreadPool]: Acquiring new snowflake connection 'list_FIRMABLE'
[0m23:41:20.167074 [debug] [ThreadPool]: Acquiring new snowflake connection 'list_FIRMABLE'
[0m23:41:20.172563 [debug] [ThreadPool]: Acquiring new snowflake connection 'list_FIRMABLE'
[0m23:41:20.173081 [debug] [ThreadPool]: Acquiring new snowflake connection 'list_FIRMABLE'
[0m23:41:20.174175 [debug] [ThreadPool]: Using snowflake connection "list_FIRMABLE"
[0m23:41:20.174357 [debug] [ThreadPool]: Using snowflake connection "list_FIRMABLE"
[0m23:41:20.174474 [debug] [ThreadPool]: On list_FIRMABLE: show terse schemas in database FIRMABLE
    limit 10000
/* {"app": "dbt", "dbt_version": "1.12.3", "profile_name": "firmable", "target_name": "dev", "connection_name": "list_FIRMABLE"} */
[0m23:41:20.174625 [debug] [ThreadPool]: Using snowflake connection "list_FIRMABLE"
[0m23:41:20.174777 [debug] [ThreadPool]: Using snowflake connection "list_FIRMABLE"
[0m23:41:20.174886 [debug] [ThreadPool]: On list_FIRMABLE: show terse schemas in database FIRMABLE
    limit 10000
/* {"app": "dbt", "dbt_version": "1.12.3", "profile_name": "firmable", "target_name": "dev", "connection_name": "list_FIRMABLE"} */
[0m23:41:20.175004 [debug] [ThreadPool]: Opening a new connection, currently in state init
[0m23:41:20.175117 [debug] [ThreadPool]: On list_FIRMABLE: show terse schemas in database FIRMABLE
    limit 10000
/* {"app": "dbt", "dbt_version": "1.12.3", "profile_name": "firmable", "target_name": "dev", "connection_name": "list_FIRMABLE"} */
[0m23:41:20.175225 [debug] [ThreadPool]: On list_FIRMABLE: show terse schemas in database FIRMABLE
    limit 10000
/* {"app": "dbt", "dbt_version": "1.12.3", "profile_name": "firmable", "target_name": "dev", "connection_name": "list_FIRMABLE"} */
[0m23:41:20.175329 [debug] [ThreadPool]: Opening a new connection, currently in state init
[0m23:41:20.175456 [debug] [ThreadPool]: Opening a new connection, currently in state init
[0m23:41:20.175565 [debug] [ThreadPool]: Opening a new connection, currently in state init
[0m23:41:21.311504 [debug] [ThreadPool]: SQL status: SUCCESS 8 in 1.136 seconds
[0m23:41:21.312357 [debug] [ThreadPool]: SQL status: SUCCESS 8 in 1.137 seconds
[0m23:41:21.315114 [debug] [ThreadPool]: On list_FIRMABLE: Close
[0m23:41:21.317266 [debug] [ThreadPool]: On list_FIRMABLE: Close
[0m23:41:21.521238 [debug] [ThreadPool]: SQL status: SUCCESS 8 in 1.346 seconds
[0m23:41:21.524224 [debug] [ThreadPool]: On list_FIRMABLE: Close
[0m23:41:21.754569 [debug] [ThreadPool]: SQL status: SUCCESS 8 in 1.579 seconds
[0m23:41:21.757692 [debug] [ThreadPool]: On list_FIRMABLE: Close
[0m23:41:22.013988 [debug] [ThreadPool]: Re-using an available connection from the pool (formerly list_FIRMABLE, now list_FIRMABLE_dbt_intermediate)
[0m23:41:22.021320 [debug] [ThreadPool]: Re-using an available connection from the pool (formerly list_FIRMABLE, now list_FIRMABLE_dbt_marts)
[0m23:41:22.021974 [debug] [ThreadPool]: Re-using an available connection from the pool (formerly list_FIRMABLE, now list_FIRMABLE_dbt_staging)
[0m23:41:22.033731 [debug] [ThreadPool]: Using snowflake connection "list_FIRMABLE_dbt_intermediate"
[0m23:41:22.034157 [debug] [ThreadPool]: Re-using an available connection from the pool (formerly list_FIRMABLE, now list_FIRMABLE_dbt_seeds)
[0m23:41:22.034722 [debug] [ThreadPool]: Using snowflake connection "list_FIRMABLE_dbt_marts"
[0m23:41:22.035776 [debug] [ThreadPool]: Using snowflake connection "list_FIRMABLE_dbt_staging"
[0m23:41:22.036011 [debug] [ThreadPool]: On list_FIRMABLE_dbt_intermediate: show objects in FIRMABLE.dbt_intermediate
    limit 10000
    

/* {"app": "dbt", "dbt_version": "1.12.3", "profile_name": "firmable", "target_name": "dev", "connection_name": "list_FIRMABLE_dbt_intermediate"} */;
[0m23:41:22.036809 [debug] [ThreadPool]: Using snowflake connection "list_FIRMABLE_dbt_seeds"
[0m23:41:22.037005 [debug] [ThreadPool]: On list_FIRMABLE_dbt_marts: show objects in FIRMABLE.dbt_marts
    limit 10000
    

/* {"app": "dbt", "dbt_version": "1.12.3", "profile_name": "firmable", "target_name": "dev", "connection_name": "list_FIRMABLE_dbt_marts"} */;
[0m23:41:22.037204 [debug] [ThreadPool]: On list_FIRMABLE_dbt_staging: show objects in FIRMABLE.dbt_staging
    limit 10000
    

/* {"app": "dbt", "dbt_version": "1.12.3", "profile_name": "firmable", "target_name": "dev", "connection_name": "list_FIRMABLE_dbt_staging"} */;
[0m23:41:22.037392 [debug] [ThreadPool]: Opening a new connection, currently in state closed
[0m23:41:22.037566 [debug] [ThreadPool]: On list_FIRMABLE_dbt_seeds: show objects in FIRMABLE.dbt_seeds
    limit 10000
    

/* {"app": "dbt", "dbt_version": "1.12.3", "profile_name": "firmable", "target_name": "dev", "connection_name": "list_FIRMABLE_dbt_seeds"} */;
[0m23:41:22.037745 [debug] [ThreadPool]: Opening a new connection, currently in state closed
[0m23:41:22.037900 [debug] [ThreadPool]: Opening a new connection, currently in state closed
[0m23:41:22.038145 [debug] [ThreadPool]: Opening a new connection, currently in state closed
[0m23:41:22.966159 [debug] [ThreadPool]: SQL status: SUCCESS 1 in 0.928 seconds
[0m23:41:22.974654 [debug] [ThreadPool]: Using snowflake connection "list_FIRMABLE_dbt_seeds"
[0m23:41:22.975171 [debug] [ThreadPool]: On list_FIRMABLE_dbt_seeds: show user functions in FIRMABLE.dbt_seeds
/* {"app": "dbt", "dbt_version": "1.12.3", "profile_name": "firmable", "target_name": "dev", "connection_name": "list_FIRMABLE_dbt_seeds"} */
[0m23:41:23.006659 [debug] [ThreadPool]: SQL status: SUCCESS 2 in 0.969 seconds
[0m23:41:23.010486 [debug] [ThreadPool]: Using snowflake connection "list_FIRMABLE_dbt_marts"
[0m23:41:23.011192 [debug] [ThreadPool]: SQL status: SUCCESS 2 in 0.974 seconds
[0m23:41:23.011468 [debug] [ThreadPool]: On list_FIRMABLE_dbt_marts: show user functions in FIRMABLE.dbt_marts
/* {"app": "dbt", "dbt_version": "1.12.3", "profile_name": "firmable", "target_name": "dev", "connection_name": "list_FIRMABLE_dbt_marts"} */
[0m23:41:23.013579 [debug] [ThreadPool]: Using snowflake connection "list_FIRMABLE_dbt_intermediate"
[0m23:41:23.014602 [debug] [ThreadPool]: On list_FIRMABLE_dbt_intermediate: show user functions in FIRMABLE.dbt_intermediate
/* {"app": "dbt", "dbt_version": "1.12.3", "profile_name": "firmable", "target_name": "dev", "connection_name": "list_FIRMABLE_dbt_intermediate"} */
[0m23:41:23.115882 [debug] [ThreadPool]: SQL status: SUCCESS 0 in 0.140 seconds
[0m23:41:23.118700 [debug] [ThreadPool]: On list_FIRMABLE_dbt_seeds: Close
[0m23:41:23.192809 [debug] [ThreadPool]: SQL status: SUCCESS 1 in 1.155 seconds
[0m23:41:23.197315 [debug] [ThreadPool]: Using snowflake connection "list_FIRMABLE_dbt_staging"
[0m23:41:23.197933 [debug] [ThreadPool]: On list_FIRMABLE_dbt_staging: show user functions in FIRMABLE.dbt_staging
/* {"app": "dbt", "dbt_version": "1.12.3", "profile_name": "firmable", "target_name": "dev", "connection_name": "list_FIRMABLE_dbt_staging"} */
[0m23:41:23.305177 [debug] [ThreadPool]: SQL status: SUCCESS 0 in 0.291 seconds
[0m23:41:23.308898 [debug] [ThreadPool]: On list_FIRMABLE_dbt_marts: Close
[0m23:41:23.321257 [debug] [ThreadPool]: SQL status: SUCCESS 0 in 0.306 seconds
[0m23:41:23.323429 [debug] [ThreadPool]: On list_FIRMABLE_dbt_intermediate: Close
[0m23:41:23.608115 [debug] [ThreadPool]: SQL status: SUCCESS 0 in 0.410 seconds
[0m23:41:23.610808 [debug] [ThreadPool]: On list_FIRMABLE_dbt_staging: Close
[0m23:41:23.819212 [debug] [MainThread]: Sending event: {'category': 'dbt', 'action': 'runnable_timing', 'label': '88378467-bd18-40fb-acfc-c548dda34e3f', 'context': [<snowplow_tracker.self_describing_json.SelfDescribingJson object at 0x110225160>]}
[0m23:41:23.824583 [debug] [Thread-10 ]: Began running node model.firmable.stg_services
[0m23:41:23.825296 [debug] [Thread-11 ]: Began running node seed.firmable.infra_domains
[0m23:41:23.826033 [info ] [Thread-10 ]: 1 of 13 START sql view model dbt_staging.stg_services .......................... [RUN]
[0m23:41:23.826603 [info ] [Thread-11 ]: 2 of 13 START seed file dbt_seeds.infra_domains ................................ [RUN]
[0m23:41:23.827200 [debug] [Thread-10 ]: Re-using an available connection from the pool (formerly list_FIRMABLE_dbt_intermediate, now model.firmable.stg_services)
[0m23:41:23.827601 [debug] [Thread-11 ]: Re-using an available connection from the pool (formerly list_FIRMABLE_dbt_marts, now seed.firmable.infra_domains)
[0m23:41:23.827947 [debug] [Thread-10 ]: Began compiling node model.firmable.stg_services
[0m23:41:23.828248 [debug] [Thread-11 ]: Began compiling node seed.firmable.infra_domains
[0m23:41:23.835559 [debug] [Thread-10 ]: Writing injected SQL for node "model.firmable.stg_services"
[0m23:41:23.835930 [debug] [Thread-11 ]: Began executing node seed.firmable.infra_domains
[0m23:41:23.857249 [debug] [Thread-10 ]: Began executing node model.firmable.stg_services
[0m23:41:23.872597 [debug] [Thread-11 ]: Using snowflake connection "seed.firmable.infra_domains"
[0m23:41:23.875907 [debug] [Thread-10 ]: Writing runtime sql for node "model.firmable.stg_services"
[0m23:41:23.876083 [debug] [Thread-11 ]: On seed.firmable.infra_domains: BEGIN
/* {"app": "dbt", "dbt_version": "1.12.3", "profile_name": "firmable", "target_name": "dev", "node_id": "seed.firmable.infra_domains"} */
[0m23:41:23.876282 [debug] [Thread-11 ]: Opening a new connection, currently in state closed
[0m23:41:23.877677 [debug] [Thread-10 ]: Using snowflake connection "model.firmable.stg_services"
[0m23:41:23.937611 [debug] [Thread-10 ]: On model.firmable.stg_services: create or replace   view FIRMABLE.dbt_staging.stg_services
  
  
  
  
  as (
    -- One clean, typed row per scanned service (IP:port observation).
-- Unpacks the raw Shodan VARIANT. Kept as a view: cheap, always fresh.
with raw as (
    select v from FIRMABLE.RAW.scans
)
select
    coalesce(v:ip_str::string, v:ipv6::string)         as ip,
    (v:ipv6 is not null)                               as is_ipv6,
    v:port::int                                        as port,
    v:transport::string                                as transport,
    v:asn::string                                      as asn,
    v:org::string                                      as org,
    v:isp::string                                      as isp,
    v:_shodan:module::string                           as scan_module,
    v:timestamp::timestamp_ntz                         as observed_at,

    -- geo
    v:location:country_code::string                    as country_code,
    v:location:country_name::string                    as country_name,
    v:location:city::string                            as city,

    -- identity arrays (used downstream for entity resolution)
    v:domains                                          as domains,
    v:hostnames                                        as hostnames,
    v:tags                                              as tags,

    -- software fingerprint
    v:product::string                                  as product,
    v:version::string                                  as version,
    v:cpe23                                            as cpe23,

    -- http
    v:http:status::int                                 as http_status,
    v:http:headers                                     as http_headers,
    v:http:title::string                               as http_title,

    -- tls
    (v:ssl is not null)                                as has_tls,
    v:ssl:versions                                     as tls_versions,
    v:ssl:cert:expired::boolean                        as cert_expired,

    -- vulnerabilities: Shodan exposes both a top-level `vulns` object and opts.vulns[]
    v:vulns                                            as vulns_obj,
    v:opts:vulns                                        as opts_vulns,

    -- raw banner (free text) — the LLM reads this when structured fields are absent
    v:data::string                                     as banner,
    v                                                  as raw
from raw
-- Drop honeypots: decoy hosts, not real prospects.
where not array_contains('honeypot'::variant, v:tags)
  )
/* {"app": "dbt", "dbt_version": "1.12.3", "profile_name": "firmable", "target_name": "dev", "node_id": "model.firmable.stg_services"} */;
[0m23:41:23.937887 [debug] [Thread-10 ]: Opening a new connection, currently in state closed
[0m23:41:24.879651 [debug] [Thread-11 ]: SQL status: SUCCESS 1 in 1.003 seconds
[0m23:41:24.881737 [debug] [Thread-11 ]: Using snowflake connection "seed.firmable.infra_domains"
[0m23:41:24.882303 [debug] [Thread-11 ]: On seed.firmable.infra_domains: insert overwrite into FIRMABLE.dbt_seeds.infra_domains (domain) values
            (%s),(%s),(%s),(%s),(%s),(%s),(%s),(%s),(%s),(%s),(%s),(%s),(%s),(%s),(%s),(%s),(%s),(%s),(%s),(%s),(%s),(%s),(%s),(%s),(%s),(%s),(%s),(%s),(%s),(%s),(%s),(%s)
/* {"app": "dbt", "dbt_version": "1.12.3", "profile_name": "firmable", "target_name": "dev", "node_id": "seed.firmable.infra_domains"} */...
[0m23:41:25.231456 [debug] [Thread-10 ]: SQL status: SUCCESS 1 in 1.293 seconds
[0m23:41:25.258663 [debug] [Thread-10 ]: On model.firmable.stg_services: Close
[0m23:41:25.495416 [debug] [Thread-11 ]: SQL status: SUCCESS 32 in 0.612 seconds
[0m23:41:25.496525 [debug] [Thread-11 ]: Using snowflake connection "seed.firmable.infra_domains"
[0m23:41:25.497205 [debug] [Thread-11 ]: On seed.firmable.infra_domains: COMMIT
/* {"app": "dbt", "dbt_version": "1.12.3", "profile_name": "firmable", "target_name": "dev", "node_id": "seed.firmable.infra_domains"} */
[0m23:41:25.519436 [debug] [Thread-10 ]: Sending event: {'category': 'dbt', 'action': 'run_model', 'label': '88378467-bd18-40fb-acfc-c548dda34e3f', 'context': [<snowplow_tracker.self_describing_json.SelfDescribingJson object at 0x10c8d6510>]}
[0m23:41:25.520836 [info ] [Thread-10 ]: 1 of 13 OK created sql view model dbt_staging.stg_services ..................... [[32mSUCCESS 1[0m in 1.69s]
[0m23:41:25.521661 [debug] [Thread-10 ]: Finished running node model.firmable.stg_services
[0m23:41:25.522468 [debug] [Thread-13 ]: Began running node test.firmable.not_null_stg_services_ip.8138937272
[0m23:41:25.522857 [debug] [Thread-12 ]: Began running node test.firmable.not_null_stg_services_port.9bd90b647a
[0m23:41:25.523252 [info ] [Thread-13 ]: 3 of 13 START test not_null_stg_services_ip .................................... [RUN]
[0m23:41:25.523618 [info ] [Thread-12 ]: 4 of 13 START test not_null_stg_services_port .................................. [RUN]
[0m23:41:25.524156 [debug] [Thread-13 ]: Re-using an available connection from the pool (formerly list_FIRMABLE_dbt_seeds, now test.firmable.not_null_stg_services_ip.8138937272)
[0m23:41:25.524601 [debug] [Thread-12 ]: Re-using an available connection from the pool (formerly list_FIRMABLE_dbt_staging, now test.firmable.not_null_stg_services_port.9bd90b647a)
[0m23:41:25.524977 [debug] [Thread-13 ]: Began compiling node test.firmable.not_null_stg_services_ip.8138937272
[0m23:41:25.525304 [debug] [Thread-12 ]: Began compiling node test.firmable.not_null_stg_services_port.9bd90b647a
[0m23:41:25.543774 [debug] [Thread-12 ]: Writing injected SQL for node "test.firmable.not_null_stg_services_port.9bd90b647a"
[0m23:41:25.544233 [debug] [Thread-13 ]: Writing injected SQL for node "test.firmable.not_null_stg_services_ip.8138937272"
[0m23:41:25.545000 [debug] [Thread-12 ]: Began executing node test.firmable.not_null_stg_services_port.9bd90b647a
[0m23:41:25.545253 [debug] [Thread-13 ]: Began executing node test.firmable.not_null_stg_services_ip.8138937272
[0m23:41:25.555959 [debug] [Thread-12 ]: Writing runtime sql for node "test.firmable.not_null_stg_services_port.9bd90b647a"
[0m23:41:25.556981 [debug] [Thread-13 ]: Writing runtime sql for node "test.firmable.not_null_stg_services_ip.8138937272"
[0m23:41:25.557540 [debug] [Thread-12 ]: Using snowflake connection "test.firmable.not_null_stg_services_port.9bd90b647a"
[0m23:41:25.557947 [debug] [Thread-13 ]: Using snowflake connection "test.firmable.not_null_stg_services_ip.8138937272"
[0m23:41:25.558137 [debug] [Thread-12 ]: On test.firmable.not_null_stg_services_port.9bd90b647a: select
      count(*) as failures,
      count(*) != 0 as should_warn,
      count(*) != 0 as should_error
    from (
      
    
  
    
    



select port
from FIRMABLE.dbt_staging.stg_services
where port is null



  
  
      
    ) dbt_internal_test
/* {"app": "dbt", "dbt_version": "1.12.3", "profile_name": "firmable", "target_name": "dev", "node_id": "test.firmable.not_null_stg_services_port.9bd90b647a"} */
[0m23:41:25.558322 [debug] [Thread-13 ]: On test.firmable.not_null_stg_services_ip.8138937272: select
      count(*) as failures,
      count(*) != 0 as should_warn,
      count(*) != 0 as should_error
    from (
      
    
  
    
    



select ip
from FIRMABLE.dbt_staging.stg_services
where ip is null



  
  
      
    ) dbt_internal_test
/* {"app": "dbt", "dbt_version": "1.12.3", "profile_name": "firmable", "target_name": "dev", "node_id": "test.firmable.not_null_stg_services_ip.8138937272"} */
[0m23:41:25.558490 [debug] [Thread-12 ]: Opening a new connection, currently in state closed
[0m23:41:25.558644 [debug] [Thread-13 ]: Opening a new connection, currently in state closed
[0m23:41:26.183023 [debug] [Thread-11 ]: SQL status: SUCCESS 1 in 0.685 seconds
[0m23:41:26.191051 [debug] [Thread-11 ]: Writing runtime SQL for node "seed.firmable.infra_domains"
[0m23:41:26.196077 [debug] [Thread-11 ]: On seed.firmable.infra_domains: Close
[0m23:41:26.731524 [debug] [Thread-13 ]: SQL status: SUCCESS 1 in 1.173 seconds
[0m23:41:26.738188 [debug] [Thread-13 ]: On test.firmable.not_null_stg_services_ip.8138937272: Close
[0m23:41:26.768006 [debug] [Thread-11 ]: Sending event: {'category': 'dbt', 'action': 'run_model', 'label': '88378467-bd18-40fb-acfc-c548dda34e3f', 'context': [<snowplow_tracker.self_describing_json.SelfDescribingJson object at 0x1106c7bc0>]}
[0m23:41:26.769163 [info ] [Thread-11 ]: 2 of 13 OK loaded seed file dbt_seeds.infra_domains ............................ [[32mINSERT 32[0m in 2.94s]
[0m23:41:26.769840 [debug] [Thread-11 ]: Finished running node seed.firmable.infra_domains
[0m23:41:26.820927 [debug] [Thread-12 ]: SQL status: SUCCESS 1 in 1.262 seconds
[0m23:41:26.824273 [debug] [Thread-12 ]: On test.firmable.not_null_stg_services_port.9bd90b647a: Close
[0m23:41:27.228211 [info ] [Thread-13 ]: 3 of 13 PASS not_null_stg_services_ip .......................................... [[32mPASS[0m in 1.70s]
[0m23:41:27.228895 [info ] [Thread-12 ]: 4 of 13 PASS not_null_stg_services_port ........................................ [[32mPASS[0m in 1.70s]
[0m23:41:27.229287 [debug] [Thread-13 ]: Finished running node test.firmable.not_null_stg_services_ip.8138937272
[0m23:41:27.229632 [debug] [Thread-12 ]: Finished running node test.firmable.not_null_stg_services_port.9bd90b647a
[0m23:41:27.230118 [debug] [Thread-10 ]: Began running node model.firmable.int_service_signals
[0m23:41:27.230561 [info ] [Thread-10 ]: 5 of 13 START sql view model dbt_intermediate.int_service_signals .............. [RUN]
[0m23:41:27.230937 [debug] [Thread-10 ]: Re-using an available connection from the pool (formerly model.firmable.stg_services, now model.firmable.int_service_signals)
[0m23:41:27.231323 [debug] [Thread-10 ]: Began compiling node model.firmable.int_service_signals
[0m23:41:27.232938 [debug] [Thread-10 ]: Writing injected SQL for node "model.firmable.int_service_signals"
[0m23:41:27.234287 [debug] [Thread-10 ]: Began executing node model.firmable.int_service_signals
[0m23:41:27.273296 [debug] [Thread-10 ]: Writing runtime sql for node "model.firmable.int_service_signals"
[0m23:41:27.274865 [debug] [Thread-10 ]: Using snowflake connection "model.firmable.int_service_signals"
[0m23:41:27.275114 [debug] [Thread-10 ]: On model.firmable.int_service_signals: create or replace   view FIRMABLE.dbt_intermediate.int_service_signals
  
  
  
  
  as (
    -- Per-service security findings. This is the DETERMINISTIC signal layer (the "rules"
-- half of the rule-vs-LLM split), expressed as SQL so it scales to the full 74GB.
with s as (
    select * from FIRMABLE.dbt_staging.stg_services
),
enriched as (
    select
        *,
        -- CVE ids come from two Shodan locations; union + de-dupe.
        array_distinct(array_cat(
            coalesce(object_keys(vulns_obj), array_construct()),
            coalesce(opts_vulns, array_construct())
        ))                                                              as cve_ids,
        -- lowercased, comma-joined header keys for case-insensitive presence checks
        lower(coalesce(array_to_string(object_keys(http_headers), ','), '')) as hdr_keys
    from s
)
select
    ip, port, transport, org, isp, asn,
    country_code, country_name, city,
    domains, hostnames, tags, product, version, banner, observed_at,

    array_size(cve_ids)                                         as cve_count,
    (array_size(cve_ids) > 0)                                   as has_known_cve,
    cve_ids,

    array_contains('eol-product'::variant, tags)               as is_eol,
    array_contains('self-signed'::variant, tags)               as is_self_signed,
    array_contains('vpn'::variant, tags)                       as is_vpn,
    array_contains('iot'::variant, tags)                       as is_iot,

    -- exposed sensitive services
    (array_contains('database'::variant, tags)
        or port in (3306,5432,27017,6379,9200,1433,5984,11211,9042,7000,8123)
        or product ilike any ('%mysql%','%mongo%','%redis%','%elastic%','%postgres%','%cassandra%')
    )                                                          as exposed_database,
    (port in (3389,23,5900,21))                                as exposed_remote_access,  -- RDP/telnet/VNC/FTP

    -- weak transport security
    has_tls,
    (array_contains('TLSv1'::variant, tls_versions)
        or array_contains('TLSv1.1'::variant, tls_versions)
        or array_contains('SSLv3'::variant, tls_versions)
        or array_contains('SSLv2'::variant, tls_versions))     as weak_tls,
    coalesce(cert_expired, false)                              as cert_expired,

    -- missing HTTP security headers (only meaningful for http services)
    (http_status is not null)                                  as is_http,
    iff(http_status is not null and hdr_keys not like '%strict-transport-security%', 1, 0) as missing_hsts,
    iff(http_status is not null and hdr_keys not like '%content-security-policy%',   1, 0) as missing_csp,
    iff(http_status is not null and hdr_keys not like '%x-frame-options%',           1, 0) as missing_xfo,
    iff(http_status is not null and hdr_keys not like '%x-content-type-options%',    1, 0) as missing_xcto
from enriched
  )
/* {"app": "dbt", "dbt_version": "1.12.3", "profile_name": "firmable", "target_name": "dev", "node_id": "model.firmable.int_service_signals"} */;
[0m23:41:27.275322 [debug] [Thread-10 ]: Opening a new connection, currently in state closed
[0m23:41:28.409938 [debug] [Thread-10 ]: SQL status: SUCCESS 1 in 1.134 seconds
[0m23:41:28.414759 [debug] [Thread-10 ]: On model.firmable.int_service_signals: Close
[0m23:41:28.623683 [debug] [Thread-10 ]: Sending event: {'category': 'dbt', 'action': 'run_model', 'label': '88378467-bd18-40fb-acfc-c548dda34e3f', 'context': [<snowplow_tracker.self_describing_json.SelfDescribingJson object at 0x11017f230>]}
[0m23:41:28.624956 [info ] [Thread-10 ]: 5 of 13 OK created sql view model dbt_intermediate.int_service_signals ......... [[32mSUCCESS 1[0m in 1.39s]
[0m23:41:28.625631 [debug] [Thread-10 ]: Finished running node model.firmable.int_service_signals
[0m23:41:28.626465 [debug] [Thread-13 ]: Began running node model.firmable.int_service_company
[0m23:41:28.627025 [info ] [Thread-13 ]: 6 of 13 START sql view model dbt_intermediate.int_service_company .............. [RUN]
[0m23:41:28.627575 [debug] [Thread-13 ]: Re-using an available connection from the pool (formerly test.firmable.not_null_stg_services_ip.8138937272, now model.firmable.int_service_company)
[0m23:41:28.628011 [debug] [Thread-13 ]: Began compiling node model.firmable.int_service_company
[0m23:41:28.631172 [debug] [Thread-13 ]: Writing injected SQL for node "model.firmable.int_service_company"
[0m23:41:28.633647 [debug] [Thread-13 ]: Began executing node model.firmable.int_service_company
[0m23:41:28.637037 [debug] [Thread-13 ]: Writing runtime sql for node "model.firmable.int_service_company"
[0m23:41:28.639568 [debug] [Thread-13 ]: Using snowflake connection "model.firmable.int_service_company"
[0m23:41:28.640166 [debug] [Thread-13 ]: On model.firmable.int_service_company: create or replace   view FIRMABLE.dbt_intermediate.int_service_company
  
  
  
  
  as (
    -- Entity resolution: attribute each scanned service to a single "company", proxied by
-- its primary registrable domain. Infra/CDN/hosting domains are excluded (they are the
-- host, not the customer). Services with no attributable domain drop out (unattributed).
with svc as (
    select * from FIRMABLE.dbt_intermediate.int_service_signals
),
exploded as (
    select svc.*, d.value::string as domain
    from svc, lateral flatten(input => svc.domains) d
),
filtered as (
    select e.*
    from exploded e
    left join FIRMABLE.dbt_seeds.infra_domains infra
      on lower(e.domain) = lower(infra.domain)
    where e.domain is not null
      and infra.domain is null
),
ranked as (
    -- one domain per service: prefer the shortest (most registrable-looking) name
    select *,
           row_number() over (partition by ip, port order by length(domain), domain) as rn
    from filtered
)
select * exclude (rn, domain, domains, hostnames, tags, cve_ids, banner, version),
       domain as company_domain
from ranked
where rn = 1
  )
/* {"app": "dbt", "dbt_version": "1.12.3", "profile_name": "firmable", "target_name": "dev", "node_id": "model.firmable.int_service_company"} */;
[0m23:41:28.640544 [debug] [Thread-13 ]: Opening a new connection, currently in state closed
[0m23:41:29.654429 [debug] [Thread-13 ]: SQL status: SUCCESS 1 in 1.014 seconds
[0m23:41:29.658824 [debug] [Thread-13 ]: On model.firmable.int_service_company: Close
[0m23:41:29.938014 [debug] [Thread-13 ]: Sending event: {'category': 'dbt', 'action': 'run_model', 'label': '88378467-bd18-40fb-acfc-c548dda34e3f', 'context': [<snowplow_tracker.self_describing_json.SelfDescribingJson object at 0x10f7d2810>]}
[0m23:41:29.939417 [info ] [Thread-13 ]: 6 of 13 OK created sql view model dbt_intermediate.int_service_company ......... [[32mSUCCESS 1[0m in 1.31s]
[0m23:41:29.940238 [debug] [Thread-13 ]: Finished running node model.firmable.int_service_company
[0m23:41:29.941386 [debug] [Thread-11 ]: Began running node model.firmable.dim_company
[0m23:41:29.941949 [debug] [Thread-10 ]: Began running node model.firmable.fct_account_score
[0m23:41:29.942636 [info ] [Thread-11 ]: 7 of 13 START sql table model dbt_marts.dim_company ............................ [RUN]
[0m23:41:29.943185 [info ] [Thread-10 ]: 8 of 13 START sql table model dbt_marts.fct_account_score ...................... [RUN]
[0m23:41:29.943746 [debug] [Thread-11 ]: Re-using an available connection from the pool (formerly seed.firmable.infra_domains, now model.firmable.dim_company)
[0m23:41:29.944141 [debug] [Thread-10 ]: Re-using an available connection from the pool (formerly model.firmable.int_service_signals, now model.firmable.fct_account_score)
[0m23:41:29.944477 [debug] [Thread-11 ]: Began compiling node model.firmable.dim_company
[0m23:41:29.944790 [debug] [Thread-10 ]: Began compiling node model.firmable.fct_account_score
[0m23:41:29.949495 [debug] [Thread-10 ]: Writing injected SQL for node "model.firmable.fct_account_score"
[0m23:41:29.951126 [debug] [Thread-11 ]: Writing injected SQL for node "model.firmable.dim_company"
[0m23:41:29.952722 [debug] [Thread-11 ]: Began executing node model.firmable.dim_company
[0m23:41:29.953063 [debug] [Thread-10 ]: Began executing node model.firmable.fct_account_score
[0m23:41:29.977485 [debug] [Thread-11 ]: Writing runtime sql for node "model.firmable.dim_company"
[0m23:41:29.980364 [debug] [Thread-10 ]: Writing runtime sql for node "model.firmable.fct_account_score"
[0m23:41:29.981174 [debug] [Thread-11 ]: Using snowflake connection "model.firmable.dim_company"
[0m23:41:29.982622 [debug] [Thread-10 ]: Using snowflake connection "model.firmable.fct_account_score"
[0m23:41:29.982900 [debug] [Thread-11 ]: On model.firmable.dim_company: create or replace transient table FIRMABLE.dbt_marts.dim_company
    
    
    
    
    

    as (-- One row per resolved company (by primary domain), with firmographic-style aggregates
-- derived purely from its observed internet footprint.
with s as (select * from FIRMABLE.dbt_intermediate.int_service_company)
select
    company_domain,
    count(distinct ip)                      as host_count,
    count(*)                                as service_count,
    count(distinct port)                    as distinct_ports,
    mode(country_code)                      as primary_country,
    mode(org)                               as primary_hosting_org,
    max(observed_at)                        as last_seen,
    case
        when count(distinct ip) >= 50 then 'enterprise'
        when count(distinct ip) >= 10 then 'mid'
        when count(distinct ip) >= 3  then 'small'
        else 'micro'
    end                                     as size_band
from s
group by 1
    )

/* {"app": "dbt", "dbt_version": "1.12.3", "profile_name": "firmable", "target_name": "dev", "node_id": "model.firmable.dim_company"} */;
[0m23:41:29.983187 [debug] [Thread-10 ]: On model.firmable.fct_account_score: create or replace transient table FIRMABLE.dbt_marts.fct_account_score
    
    
    
    
    

    as (-- The scored prospect table: one row per company, blending observed security RISK
-- ("need") with market FIT, into a 0-100 score and an A-D tier. All deterministic SQL,
-- so ranking is auditable and reproducible. Weights are dbt vars (see dbt_project.yml).
with s as (select * from FIRMABLE.dbt_intermediate.int_service_company),

agg as (
    select
        company_domain,
        count(distinct ip)                          as host_count,
        count(*)                                    as service_count,
        sum(cve_count)                              as total_cves,
        count_if(has_known_cve)                     as services_with_cve,
        count_if(is_eol)                            as eol_services,
        count_if(is_self_signed)                    as self_signed_services,
        count_if(exposed_database)                  as exposed_db_services,
        count_if(exposed_remote_access)             as exposed_remote_services,
        count_if(weak_tls)                          as weak_tls_services,
        count_if(cert_expired)                      as expired_cert_services,
        count_if(is_http)                           as http_services,
        sum(missing_hsts + missing_csp + missing_xfo + missing_xcto) as missing_header_points,
        mode(country_code)                          as primary_country
    from s
    group by 1
),

scored as (
    select
        *,
        -- header hygiene: fraction of the 4 key headers missing across http services (0..1)
        iff(http_services > 0, missing_header_points / (http_services * 4.0), 0) as missing_header_ratio,

        -- NEED (0-100): direct, evidence-based security risk
        least(100,
              total_cves               * 15
            + exposed_db_services       * 20
            + exposed_remote_services   * 8
            + eol_services              * 12
            + self_signed_services      * 5
            + weak_tls_services         * 5
            + expired_cert_services     * 8
            + iff(http_services > 0, missing_header_points / (http_services * 4.0) * 20, 0)
        ) as risk_score
    from agg
),

fit as (
    select
        *,
        -- market fit: in target geography + company size proxy
        100 * (
            0.5 * iff(primary_country in ('AU','NZ'), 1.0, 0.5)
          + 0.5 * case
                    when host_count >= 50 then 1.0
                    when host_count >= 10 then 0.9
                    when host_count >= 3  then 0.6
                    else 0.35
                  end
        ) as fit_score
    from scored
)

select
    company_domain,
    host_count, service_count, primary_country,
    total_cves, services_with_cve, exposed_db_services, exposed_remote_services,
    eol_services, self_signed_services, weak_tls_services, expired_cert_services,
    round(missing_header_ratio, 2)                          as missing_header_ratio,
    round(risk_score, 1)                                    as risk_score,
    round(fit_score, 1)                                     as fit_score,
    -- blended: need weighted above fit (the point is who needs it NOW)
    round(0.6 * risk_score + 0.4 * fit_score, 1)            as total_score,
    case
        when 0.6 * risk_score + 0.4 * fit_score >= 70 then 'A'
        when 0.6 * risk_score + 0.4 * fit_score >= 50 then 'B'
        when 0.6 * risk_score + 0.4 * fit_score >= 30 then 'C'
        else 'D'
    end                                                     as tier
from fit
    )

/* {"app": "dbt", "dbt_version": "1.12.3", "profile_name": "firmable", "target_name": "dev", "node_id": "model.firmable.fct_account_score"} */;
[0m23:41:29.983436 [debug] [Thread-11 ]: Opening a new connection, currently in state closed
[0m23:41:29.983593 [debug] [Thread-10 ]: Opening a new connection, currently in state closed
[0m23:41:32.360872 [debug] [Thread-11 ]: SQL status: SUCCESS 95 in 2.377 seconds
[0m23:41:32.365826 [debug] [Thread-11 ]: On model.firmable.dim_company: Close
[0m23:41:32.500130 [debug] [Thread-10 ]: SQL status: SUCCESS 95 in 2.516 seconds
[0m23:41:32.504040 [debug] [Thread-10 ]: On model.firmable.fct_account_score: Close
[0m23:41:32.618736 [debug] [Thread-11 ]: Sending event: {'category': 'dbt', 'action': 'run_model', 'label': '88378467-bd18-40fb-acfc-c548dda34e3f', 'context': [<snowplow_tracker.self_describing_json.SelfDescribingJson object at 0x10abd83e0>]}
[0m23:41:32.619997 [info ] [Thread-11 ]: 7 of 13 OK created sql table model dbt_marts.dim_company ....................... [[32mSUCCESS 95[0m in 2.67s]
[0m23:41:32.620718 [debug] [Thread-11 ]: Finished running node model.firmable.dim_company
[0m23:41:32.621517 [debug] [Thread-13 ]: Began running node test.firmable.not_null_dim_company_company_domain.d899546436
[0m23:41:32.622032 [debug] [Thread-12 ]: Began running node test.firmable.unique_dim_company_company_domain.7e87da9fba
[0m23:41:32.622525 [info ] [Thread-13 ]: 9 of 13 START test not_null_dim_company_company_domain ......................... [RUN]
[0m23:41:32.623036 [info ] [Thread-12 ]: 10 of 13 START test unique_dim_company_company_domain .......................... [RUN]
[0m23:41:32.623601 [debug] [Thread-13 ]: Re-using an available connection from the pool (formerly model.firmable.int_service_company, now test.firmable.not_null_dim_company_company_domain.d899546436)
[0m23:41:32.624072 [debug] [Thread-12 ]: Re-using an available connection from the pool (formerly test.firmable.not_null_stg_services_port.9bd90b647a, now test.firmable.unique_dim_company_company_domain.7e87da9fba)
[0m23:41:32.624481 [debug] [Thread-13 ]: Began compiling node test.firmable.not_null_dim_company_company_domain.d899546436
[0m23:41:32.624848 [debug] [Thread-12 ]: Began compiling node test.firmable.unique_dim_company_company_domain.7e87da9fba
[0m23:41:32.634351 [debug] [Thread-13 ]: Writing injected SQL for node "test.firmable.not_null_dim_company_company_domain.d899546436"
[0m23:41:32.642255 [debug] [Thread-12 ]: Writing injected SQL for node "test.firmable.unique_dim_company_company_domain.7e87da9fba"
[0m23:41:32.643357 [debug] [Thread-12 ]: Began executing node test.firmable.unique_dim_company_company_domain.7e87da9fba
[0m23:41:32.643665 [debug] [Thread-13 ]: Began executing node test.firmable.not_null_dim_company_company_domain.d899546436
[0m23:41:32.645171 [debug] [Thread-12 ]: Writing runtime sql for node "test.firmable.unique_dim_company_company_domain.7e87da9fba"
[0m23:41:32.647574 [debug] [Thread-13 ]: Writing runtime sql for node "test.firmable.not_null_dim_company_company_domain.d899546436"
[0m23:41:32.648350 [debug] [Thread-13 ]: Using snowflake connection "test.firmable.not_null_dim_company_company_domain.d899546436"
[0m23:41:32.648866 [debug] [Thread-12 ]: Using snowflake connection "test.firmable.unique_dim_company_company_domain.7e87da9fba"
[0m23:41:32.649107 [debug] [Thread-13 ]: On test.firmable.not_null_dim_company_company_domain.d899546436: select
      count(*) as failures,
      count(*) != 0 as should_warn,
      count(*) != 0 as should_error
    from (
      
    
  
    
    



select company_domain
from FIRMABLE.dbt_marts.dim_company
where company_domain is null



  
  
      
    ) dbt_internal_test
/* {"app": "dbt", "dbt_version": "1.12.3", "profile_name": "firmable", "target_name": "dev", "node_id": "test.firmable.not_null_dim_company_company_domain.d899546436"} */
[0m23:41:32.649355 [debug] [Thread-12 ]: On test.firmable.unique_dim_company_company_domain.7e87da9fba: select
      count(*) as failures,
      count(*) != 0 as should_warn,
      count(*) != 0 as should_error
    from (
      
    
  
    
    

select
    company_domain as unique_field,
    count(*) as n_records

from FIRMABLE.dbt_marts.dim_company
where company_domain is not null
group by company_domain
having count(*) > 1



  
  
      
    ) dbt_internal_test
/* {"app": "dbt", "dbt_version": "1.12.3", "profile_name": "firmable", "target_name": "dev", "node_id": "test.firmable.unique_dim_company_company_domain.7e87da9fba"} */
[0m23:41:32.649604 [debug] [Thread-13 ]: Opening a new connection, currently in state closed
[0m23:41:32.649810 [debug] [Thread-12 ]: Opening a new connection, currently in state closed
[0m23:41:32.776739 [debug] [Thread-10 ]: Sending event: {'category': 'dbt', 'action': 'run_model', 'label': '88378467-bd18-40fb-acfc-c548dda34e3f', 'context': [<snowplow_tracker.self_describing_json.SelfDescribingJson object at 0x10d9e95b0>]}
[0m23:41:32.777058 [info ] [Thread-10 ]: 8 of 13 OK created sql table model dbt_marts.fct_account_score ................. [[32mSUCCESS 95[0m in 2.83s]
[0m23:41:32.777285 [debug] [Thread-10 ]: Finished running node model.firmable.fct_account_score
[0m23:41:32.777536 [debug] [Thread-11 ]: Began running node test.firmable.accepted_values_fct_account_score_tier__A__B__C__D.052c23e0a6
[0m23:41:32.777714 [debug] [Thread-10 ]: Began running node test.firmable.not_null_fct_account_score_company_domain.6f1b1f0c0d
[0m23:41:32.777851 [info ] [Thread-11 ]: 11 of 13 START test accepted_values_fct_account_score_tier__A__B__C__D ......... [RUN]
[0m23:41:32.779330 [info ] [Thread-10 ]: 12 of 13 START test not_null_fct_account_score_company_domain .................. [RUN]
[0m23:41:32.780666 [debug] [Thread-11 ]: Re-using an available connection from the pool (formerly model.firmable.dim_company, now test.firmable.accepted_values_fct_account_score_tier__A__B__C__D.052c23e0a6)
[0m23:41:32.781412 [debug] [Thread-10 ]: Re-using an available connection from the pool (formerly model.firmable.fct_account_score, now test.firmable.not_null_fct_account_score_company_domain.6f1b1f0c0d)
[0m23:41:32.782631 [debug] [Thread-11 ]: Began compiling node test.firmable.accepted_values_fct_account_score_tier__A__B__C__D.052c23e0a6
[0m23:41:32.783041 [debug] [Thread-10 ]: Began compiling node test.firmable.not_null_fct_account_score_company_domain.6f1b1f0c0d
[0m23:41:32.792701 [debug] [Thread-11 ]: Writing injected SQL for node "test.firmable.accepted_values_fct_account_score_tier__A__B__C__D.052c23e0a6"
[0m23:41:32.795528 [debug] [Thread-10 ]: Writing injected SQL for node "test.firmable.not_null_fct_account_score_company_domain.6f1b1f0c0d"
[0m23:41:32.797997 [debug] [Thread-10 ]: Began executing node test.firmable.not_null_fct_account_score_company_domain.6f1b1f0c0d
[0m23:41:32.798162 [debug] [Thread-11 ]: Began executing node test.firmable.accepted_values_fct_account_score_tier__A__B__C__D.052c23e0a6
[0m23:41:32.798898 [debug] [Thread-10 ]: Writing runtime sql for node "test.firmable.not_null_fct_account_score_company_domain.6f1b1f0c0d"
[0m23:41:32.799685 [debug] [Thread-11 ]: Writing runtime sql for node "test.firmable.accepted_values_fct_account_score_tier__A__B__C__D.052c23e0a6"
[0m23:41:32.800460 [debug] [Thread-10 ]: Using snowflake connection "test.firmable.not_null_fct_account_score_company_domain.6f1b1f0c0d"
[0m23:41:32.800793 [debug] [Thread-11 ]: Using snowflake connection "test.firmable.accepted_values_fct_account_score_tier__A__B__C__D.052c23e0a6"
[0m23:41:32.800947 [debug] [Thread-10 ]: On test.firmable.not_null_fct_account_score_company_domain.6f1b1f0c0d: select
      count(*) as failures,
      count(*) != 0 as should_warn,
      count(*) != 0 as should_error
    from (
      
    
  
    
    



select company_domain
from FIRMABLE.dbt_marts.fct_account_score
where company_domain is null



  
  
      
    ) dbt_internal_test
/* {"app": "dbt", "dbt_version": "1.12.3", "profile_name": "firmable", "target_name": "dev", "node_id": "test.firmable.not_null_fct_account_score_company_domain.6f1b1f0c0d"} */
[0m23:41:32.801319 [debug] [Thread-11 ]: On test.firmable.accepted_values_fct_account_score_tier__A__B__C__D.052c23e0a6: select
      count(*) as failures,
      count(*) != 0 as should_warn,
      count(*) != 0 as should_error
    from (
      
    
  
    
    

with all_values as (

    select
        tier as value_field,
        count(*) as n_records

    from FIRMABLE.dbt_marts.fct_account_score
    group by tier

)

select *
from all_values
where value_field not in (
    'A','B','C','D'
)



  
  
      
    ) dbt_internal_test
/* {"app": "dbt", "dbt_version": "1.12.3", "profile_name": "firmable", "target_name": "dev", "node_id": "test.firmable.accepted_values_fct_account_score_tier__A__B__C__D.052c23e0a6"} */
[0m23:41:32.801497 [debug] [Thread-10 ]: Opening a new connection, currently in state closed
[0m23:41:32.801739 [debug] [Thread-11 ]: Opening a new connection, currently in state closed
[0m23:41:34.435422 [debug] [Thread-12 ]: SQL status: SUCCESS 1 in 1.785 seconds
[0m23:41:34.436638 [debug] [Thread-13 ]: SQL status: SUCCESS 1 in 1.787 seconds
[0m23:41:34.439880 [debug] [Thread-12 ]: On test.firmable.unique_dim_company_company_domain.7e87da9fba: Close
[0m23:41:34.441043 [debug] [Thread-10 ]: SQL status: SUCCESS 1 in 1.639 seconds
[0m23:41:34.441997 [debug] [Thread-11 ]: SQL status: SUCCESS 1 in 1.640 seconds
[0m23:41:34.444867 [debug] [Thread-13 ]: On test.firmable.not_null_dim_company_company_domain.d899546436: Close
[0m23:41:34.448887 [debug] [Thread-10 ]: On test.firmable.not_null_fct_account_score_company_domain.6f1b1f0c0d: Close
[0m23:41:34.451161 [debug] [Thread-11 ]: On test.firmable.accepted_values_fct_account_score_tier__A__B__C__D.052c23e0a6: Close
[0m23:41:34.712548 [info ] [Thread-12 ]: 10 of 13 PASS unique_dim_company_company_domain ................................ [[32mPASS[0m in 2.09s]
[0m23:41:34.713624 [info ] [Thread-11 ]: 11 of 13 PASS accepted_values_fct_account_score_tier__A__B__C__D ............... [[32mPASS[0m in 1.93s]
[0m23:41:34.714772 [debug] [Thread-12 ]: Finished running node test.firmable.unique_dim_company_company_domain.7e87da9fba
[0m23:41:34.715467 [debug] [Thread-11 ]: Finished running node test.firmable.accepted_values_fct_account_score_tier__A__B__C__D.052c23e0a6
[0m23:41:34.716010 [debug] [Thread-12 ]: Began running node test.firmable.unique_fct_account_score_company_domain.126f098f2e
[0m23:41:34.716648 [info ] [Thread-12 ]: 13 of 13 START test unique_fct_account_score_company_domain .................... [RUN]
[0m23:41:34.717258 [debug] [Thread-12 ]: Re-using an available connection from the pool (formerly test.firmable.unique_dim_company_company_domain.7e87da9fba, now test.firmable.unique_fct_account_score_company_domain.126f098f2e)
[0m23:41:34.717660 [debug] [Thread-12 ]: Began compiling node test.firmable.unique_fct_account_score_company_domain.126f098f2e
[0m23:41:34.728863 [debug] [Thread-12 ]: Writing injected SQL for node "test.firmable.unique_fct_account_score_company_domain.126f098f2e"
[0m23:41:34.729719 [debug] [Thread-12 ]: Began executing node test.firmable.unique_fct_account_score_company_domain.126f098f2e
[0m23:41:34.731622 [debug] [Thread-12 ]: Writing runtime sql for node "test.firmable.unique_fct_account_score_company_domain.126f098f2e"
[0m23:41:34.732593 [debug] [Thread-12 ]: Using snowflake connection "test.firmable.unique_fct_account_score_company_domain.126f098f2e"
[0m23:41:34.732910 [debug] [Thread-12 ]: On test.firmable.unique_fct_account_score_company_domain.126f098f2e: select
      count(*) as failures,
      count(*) != 0 as should_warn,
      count(*) != 0 as should_error
    from (
      
    
  
    
    

select
    company_domain as unique_field,
    count(*) as n_records

from FIRMABLE.dbt_marts.fct_account_score
where company_domain is not null
group by company_domain
having count(*) > 1



  
  
      
    ) dbt_internal_test
/* {"app": "dbt", "dbt_version": "1.12.3", "profile_name": "firmable", "target_name": "dev", "node_id": "test.firmable.unique_fct_account_score_company_domain.126f098f2e"} */
[0m23:41:34.733190 [debug] [Thread-12 ]: Opening a new connection, currently in state closed
[0m23:41:34.808627 [info ] [Thread-13 ]: 9 of 13 PASS not_null_dim_company_company_domain ............................... [[32mPASS[0m in 2.19s]
[0m23:41:34.808916 [info ] [Thread-10 ]: 12 of 13 PASS not_null_fct_account_score_company_domain ........................ [[32mPASS[0m in 2.03s]
[0m23:41:34.809149 [debug] [Thread-13 ]: Finished running node test.firmable.not_null_dim_company_company_domain.d899546436
[0m23:41:34.809338 [debug] [Thread-10 ]: Finished running node test.firmable.not_null_fct_account_score_company_domain.6f1b1f0c0d
[0m23:41:35.917163 [debug] [Thread-12 ]: SQL status: SUCCESS 1 in 1.184 seconds
[0m23:41:35.920364 [debug] [Thread-12 ]: On test.firmable.unique_fct_account_score_company_domain.126f098f2e: Close
[0m23:41:36.300883 [info ] [Thread-12 ]: 13 of 13 PASS unique_fct_account_score_company_domain .......................... [[32mPASS[0m in 1.58s]
[0m23:41:36.301977 [debug] [Thread-12 ]: Finished running node test.firmable.unique_fct_account_score_company_domain.126f098f2e
[0m23:41:36.303765 [debug] [MainThread]: Connection 'master' was properly closed.
[0m23:41:36.304205 [debug] [MainThread]: Connection 'test.firmable.not_null_fct_account_score_company_domain.6f1b1f0c0d' was properly closed.
[0m23:41:36.304523 [debug] [MainThread]: Connection 'test.firmable.accepted_values_fct_account_score_tier__A__B__C__D.052c23e0a6' was properly closed.
[0m23:41:36.304796 [debug] [MainThread]: Connection 'test.firmable.unique_fct_account_score_company_domain.126f098f2e' was properly closed.
[0m23:41:36.305067 [debug] [MainThread]: Connection 'test.firmable.not_null_dim_company_company_domain.d899546436' was properly closed.
[0m23:41:36.305510 [info ] [MainThread]: 
[0m23:41:36.305891 [info ] [MainThread]: Finished running 1 seed, 2 table models, 7 data tests, 3 view models in 0 hours 0 minutes and 16.14 seconds (16.14s).
[0m23:41:36.308217 [debug] [MainThread]: Command end result
[0m23:41:36.339932 [debug] [MainThread]: Wrote artifact WritableManifest to /Users/krishna/Krishna/firmable-sales-intel/snowflake/dbt_firmable/target/manifest.json
[0m23:41:36.342097 [debug] [MainThread]: Wrote artifact SemanticManifest to /Users/krishna/Krishna/firmable-sales-intel/snowflake/dbt_firmable/target/semantic_manifest.json
[0m23:41:36.343737 [debug] [MainThread]: Wrote artifact OsiDocument to /Users/krishna/Krishna/firmable-sales-intel/snowflake/dbt_firmable/target/osi_document.json
[0m23:41:36.347673 [debug] [MainThread]: Wrote artifact RunExecutionResult to /Users/krishna/Krishna/firmable-sales-intel/snowflake/dbt_firmable/target/run_results.json
[0m23:41:36.347857 [info ] [MainThread]: 
[0m23:41:36.348040 [info ] [MainThread]: [32mCompleted successfully[0m
[0m23:41:36.348184 [info ] [MainThread]: 
[0m23:41:36.348336 [info ] [MainThread]: Done. PASS=13 WARN=0 ERROR=0 SKIP=0 NO-OP=0 REUSED=0 TOTAL=13
[0m23:41:36.350718 [debug] [MainThread]: Resource report: {"command_name": "build", "command_success": true, "command_wall_clock_time": 16.748196, "process_in_blocks": "0", "process_kernel_time": 0.322214, "process_mem_max_rss": "190922752", "process_out_blocks": "0", "process_user_time": 3.974033}
[0m23:41:36.351005 [debug] [MainThread]: Command `dbt build` succeeded at 23:41:36.350963 after 16.75 seconds
[0m23:41:36.351182 [debug] [MainThread]: Sending event: {'category': 'dbt', 'action': 'invocation', 'label': 'end', 'context': [<snowplow_tracker.self_describing_json.SelfDescribingJson object at 0x10d85ca40>, <snowplow_tracker.self_describing_json.SelfDescribingJson object at 0x10c9a60f0>, <snowplow_tracker.self_describing_json.SelfDescribingJson object at 0x10e1f6cf0>]}
[0m23:41:36.351354 [debug] [MainThread]: Flushing usage events
[0m23:41:38.055996 [debug] [MainThread]: An error was encountered while trying to flush usage events
